matchnum,teamnum,Auto_Missed_High,Auto_Missed_Low,Auto_Mobility,Auto_High_Hot,Auto_High,Auto_Low_Hot,Auto_Low,Dead_Bot,Robot_Job,Catch,Truss,Possession_Rating,3_Assist,2_Assist,Tele_High_Miss,Tele_High,Tele_Low_Miss,Tele_Low,Pickup_Rating,Defense_Rating,Driver_Rating,Tech_Fouls,Fouls,Goal_Defense,Human_Pass,ds
43,1280,1,0,1,0,0,0,0,0,1,0,0,32,0,0,1,4,0,0,64,16,32,0,0,0,0,Red1
54,1280,1,0,1,0,0,0,0,0,1,0,1,64,0,0,0,3,0,0,64,32,64,0,0,0,0,Red1
73,1280,0,0,1,1,0,0,0,1,1,0,1,0,0,0,0,2,0,0,64,2,256,0,0,0,0,Red1
83,1280,0,0,1,0,0,0,0,0,1,0,0,8,0,2,1,0,0,3,4,2,32,0,0,0,0,Red1
97,1280,1,0,1,0,0,0,0,0,1,0,0,8,0,1,2,0,0,2,8,1,32,0,0,0,0,Red3
18,1280,0,0,1,1,0,0,0,0,3,0,0,1,0,1,0,0,0,1,8,1,1,0,0,0,0,Blue4
24,1280,0,0,1,0,1,0,0,0,1,0,1,8,0,0,1,0,0,1,8,1,4,0,0,0,0,Blue4
67,1280,0,0,1,1,0,0,0,0,2,0,0,0,0,0,0,0,0,0,1,4,4,0,0,0,0,Blue4
102,1280,0,0,1,0,0,0,0,0,1,0,0,16,0,0,1,0,0,3,64,1,32,0,0,0,0,Blue4
8,1280,0,0,0,0,0,0,0,0,3,0,0,0,0,1,0,0,0,1,32,16,32,0,0,0,1,Blue6
59,1280,0,0,1,1,0,0,0,0,1,0,0,0,0,0,1,3,0,0,8,1,8,0,0,0,0,Blue6
36,5250,0,0,0,0,0,0,0,0,4,0,0,1,0,0,0,0,0,0,1,2,2,0,0,0,0,Red1
48,5250,0,0,1,0,0,0,0,0,3,0,0,8,0,1,0,0,0,1,32,8,32,0,0,0,1,Red1
95,5250,0,0,1,0,0,0,0,0,4,0,0,0,0,0,0,0,0,0,0,0,0,0,0,0,0,Red1
41,5250,0,0,1,0,0,0,0,0,1,0,0,32,0,2,0,0,0,2,32,2,16,0,0,0,0,Red2
12,5250,0,0,1,0,0,0,0,0,2,0,0,1,0,0,0,0,0,0,1,16,16,0,0,0,0,Red3
59,5250,0,0,1,0,0,0,0,0,1,0,0,32,0,1,0,0,0,0,1,1,4,0,0,0,0,Red3
72,5250,0,0,0,0,0,0,0,0,4,0,0,0,0,0,0,0,0,0,1,1,1,0,0,0,0,Red3
5,5250,0,0,0,0,0,0,0,0,2,0,0,1,0,0,0,0,0,0,1,2,2,0,0,0,0,Blue4
25,5250,0,0,1,0,0,0,0,0,1,0,0,1,0,0,0,0,0,0,1,4,1,0,0,0,0,Blue4
77,5250,0,0,0,0,0,0,0,1,1,0,0,0,0,0,0,0,0,0,0,0,0,0,0,0,0,Blue4
88,5250,0,0,0,0,0,0,0,0,2,0,0,0,0,0,0,0,0,0,1,2,2,0,0,0,0,Blue4
101,5250,0,0,1,0,0,0,0,0,2,0,0,2,0,0,0,0,0,0,1,2,4,0,0,0,0,Blue4
18,1671,0,0,1,0,1,0,0,0,1,0,0,0,2,1,0,2,0,1,128,1,128,0,0,0,0,Red1
27,1671,1,0,1,0,1,0,0,0,1,0,2,8,0,1,3,0,0,0,32,16,64,0,0,0,1,Red1
71,1671,0,0,1,1,1,0,0,0,1,0,3,256,0,0,2,1,0,0,256,1,256,1,0,0,1,Red1
98,1671,0,0,1,1,1,0,0,0,1,0,1,64,0,0,1,1,0,0,16,4,64,0,0,0,0,Red1
104,1671,1,0,1,0,1,0,0,0,1,0,3,64,0,2,0,2,0,0,16,2,64,0,0,0,1,Red1
35,1671,1,0,1,1,0,0,0,0,1,0,3,256,1,2,0,1,0,0,256,2,256,0,0,0,0,Red2
83,1671,2,0,0,0,1,0,0,0,1,2,3,64,0,0,0,0,0,1,32,16,32,0,0,0,0,Red2
9,1671,1,0,1,1,0,0,0,0,1,0,4,0,0,2,0,5,0,0,32,2,256,0,0,0,1,Blue4
42,1671,0,0,1,0,1,0,0,0,1,0,0,0,1,0,2,0,0,2,64,16,64,0,0,0,1,Blue4
47,1671,1,0,1,0,1,0,0,0,1,0,0,0,0,0,0,0,0,1,0,0,0,0,0,0,0,Blue4
63,1671,0,0,1,1,0,0,0,0,1,0,2,256,1,1,1,1,0,1,128,4,256,0,0,0,1,Blue5
76,1671,0,0,1,0,0,0,0,0,1,0,0,16,3,0,0,0,0,0,8,8,16,0,0,0,0,Blue5
43,2156,0,0,1,0,0,0,0,0,2,0,0,1,0,0,0,0,0,0,1,256,32,1,0,0,0,Red2
55,2156,0,0,0,0,0,0,0,0,1,0,0,0,0,0,0,0,0,0,1,2,2,0,0,0,0,Red2
91,2156,0,0,1,0,0,0,0,0,2,0,0,0,0,0,0,0,0,0,1,32,8,0,0,1,0,Red2
11,2156,0,0,0,0,0,0,0,1,0,0,0,0,0,0,0,0,0,0,0,0,0,0,0,0,0,Red3
65,2156,0,0,0,0,0,0,0,0,2,0,0,0,0,0,0,0,0,0,1,2,2,0,0,0,0,Red3
49,2156,0,0,0,0,0,0,0,0,1,0,0,0,0,0,0,0,0,0,0,0,0,0,0,0,0,Blue4
4,2156,0,0,0,0,0,0,0,1,1,0,0,0,0,0,0,0,0,0,0,0,0,0,0,0,0,Blue5
32,2156,0,0,0,0,0,0,0,0,4,0,0,0,0,0,0,0,0,0,0,4,4,0,0,0,0,Blue5
82,2156,0,0,1,0,0,0,0,0,1,0,0,1,0,0,0,0,0,0,1,32,32,0,0,0,0,Blue5
82,2156,0,0,0,0,0,0,0,0,1,0,0,0,0,0,0,0,0,0,2,32,16,0,0,1,0,Blue5
25,2156,0,0,0,0,0,0,0,0,1,0,0,0,0,0,0,0,0,0,1,1,1,0,0,0,0,Blue6
75,2156,0,0,0,0,0,0,0,0,2,0,0,0,0,0,0,0,0,1,1,8,2,1,0,0,0,Blue6
45,599,1,0,0,0,0,0,0,0,3,0,0,8,0,0,0,1,0,0,32,16,32,0,0,0,1,Red1
50,599,0,0,1,0,1,0,0,0,3,0,1,32,0,0,2,0,0,3,64,32,64,0,0,0,1,Red1
34,599,0,0,1,1,0,0,0,0,3,0,0,128,0,1,1,2,0,1,128,32,128,0,0,0,0,Red2
62,599,0,0,0,0,0,0,0,0,3,0,1,32,0,1,0,0,0,1,64,64,32,0,0,0,1,Red2
17,599,0,0,0,0,0,0,0,1,4,0,0,0,0,0,0,0,0,0,1,1,1,0,0,0,0,Red3
85,599,0,0,0,0,0,0,0,0,1,0,1,0,0,0,0,0,0,0,0,0,0,0,0,0,0,Red3
71,599,0,0,1,0,1,0,0,0,2,0,1,0,0,0,1,0,0,1,1,1,4,0,0,0,0,Blue4
6,599,0,0,0,0,0,0,0,0,1,0,0,8,0,0,2,0,0,0,2,1,4,0,0,0,0,Blue5
77,599,0,0,1,0,0,0,0,0,3,0,2,0,0,0,0,0,0,1,16,32,32,0,0,0,0,Blue5
24,599,1,0,1,0,0,0,0,0,1,0,1,0,0,0,0,1,0,1,16,1,32,0,0,0,0,Blue6
91,599,0,0,1,0,1,0,0,0,1,0,3,64,0,1,0,0,0,1,64,64,128,0,0,0,0,Blue6
2,1678,0,0,0,0,1,0,0,0,1,0,0,0,0,4,1,2,0,3,1,64,128,0,0,0,0,Red1
84,1678,0,0,0,1,1,0,0,0,1,0,1,0,0,0,0,0,0,1,64,1,32,0,0,0,0,Red1
52,1678,0,0,1,1,1,0,0,0,1,0,0,256,4,1,0,0,0,0,128,16,256,0,0,0,0,Red2
26,1678,0,0,1,1,0,0,0,0,3,0,1,0,0,0,0,0,0,1,8,16,32,0,0,0,1,Red3
36,1678,0,0,1,0,2,0,0,0,1,0,0,64,0,0,0,2,0,1,128,16,64,0,0,0,0,Blue4
45,1678,0,0,1,0,0,0,0,0,1,0,2,0,0,0,0,1,0,0,8,8,16,0,0,0,1,Blue4
57,1678,0,0,1,1,1,0,0,0,1,0,0,16,0,3,0,2,0,2,256,64,128,0,0,0,0,Blue4
66,1678,0,0,1,0,2,0,0,0,1,0,5,256,0,0,1,5,0,0,256,4,256,0,0,0,1,Blue5
94,1678,0,0,1,1,1,0,0,0,1,0,4,64,0,0,2,3,0,0,128,1,128,0,0,0,0,Blue5
15,1678,1,0,1,0,1,0,0,0,1,0,1,8,2,2,1,3,0,1,16,8,8,0,0,0,0,Blue6
23,4498,0,0,1,0,0,0,0,0,2,0,0,1,0,0,0,0,0,0,1,16,8,0,0,0,0,Red1
78,4498,0,0,1,0,0,0,0,0,1,0,0,4,0,1,0,0,0,0,4,8,4,0,0,0,0,Red1
50,4498,0,0,0,0,0,0,0,0,2,0,0,4,0,0,0,0,0,0,4,16,8,0,0,0,0,Red2
70,4498,0,0,1,0,0,0,0,0,2,0,0,0,0,0,0,0,0,0,8,32,32,0,0,0,1,Red2
2,4498,0,0,0,0,0,0,0,0,2,0,0,1,0,0,0,0,0,0,4,256,16,0,0,0,0,Red3
57,4498,0,0,1,0,0,0,0,0,3,0,0,16,0,1,0,0,0,0,64,32,64,0,0,0,0,Red3
39,4498,0,0,1,0,0,0,0,0,1,0,0,128,0,3,0,0,0,0,64,32,64,0,0,0,0,Blue4
92,4498,0,0,1,0,0,0,0,0,2,0,0,0,0,0,0,0,0,0,16,16,32,0,0,0,0,Blue4
11,4498,0,0,0,0,0,0,0,0,2,0,0,0,0,0,0,0,0,1,4,8,16,0,0,0,0,Blue5
83,4498,0,0,1,0,0,0,0,0,2,0,0,4,0,2,0,0,0,0,4,4,8,0,0,0,0,Blue5
101,4498,0,0,1,0,0,0,0,0,1,0,0,8,0,0,0,0,0,1,8,8,8,0,0,0,0,Blue6
99,3859,0,0,0,0,0,0,0,0,2,0,0,1,0,0,0,0,0,0,1,256,64,0,0,0,0,Red1
74,3859,0,0,0,0,0,0,0,0,2,0,0,0,0,0,0,0,0,0,0,16,16,0,0,1,0,Red2
87,3859,0,0,1,0,0,0,1,0,2,0,0,0,0,0,0,0,0,1,1,32,16,0,0,1,0,Red2
8,3859,0,0,0,0,0,0,0,0,2,0,0,1,0,0,0,0,0,0,1,64,8,0,0,1,0,Red3
41,3859,0,0,1,0,0,0,0,0,1,0,0,0,0,0,0,0,0,0,0,0,0,0,0,0,0,Red3
64,3859,0,0,0,0,0,0,0,0,2,0,0,1,0,0,0,0,0,0,1,64,8,1,0,1,0,Red3
46,3859,0,0,0,0,0,0,0,0,2,0,0,1,0,0,0,0,0,0,0,64,16,0,0,0,0,Blue4
57,3859,0,0,0,0,0,0,0,0,2,0,0,1,0,0,0,0,0,0,1,16,32,0,0,0,0,Blue5
16,3859,0,0,0,0,0,0,0,0,2,0,0,1,0,0,0,0,0,0,1,32,2,0,0,1,0,Blue6
21,3859,0,0,0,0,0,0,0,0,2,0,0,1,0,0,0,0,0,0,2,128,32,0,0,0,0,Blue6
35,3859,0,0,0,0,0,0,0,0,2,0,0,0,0,0,0,0,0,0,0,256,32,0,1,1,0,Blue6
57,2073,0,0,1,1,0,0,0,0,3,0,1,16,0,0,1,1,0,1,32,16,32,0,0,0,0,Red1
37,2073,0,0,1,0,0,0,0,0,3,0,0,128,0,1,0,1,0,1,128,64,128,0,0,0,0,Red2
47,2073,0,0,1,1,0,0,0,0,1,0,3,16,0,3,0,0,0,0,16,32,16,0,0,0,0,Red2
64,2073,0,0,1,1,0,0,0,0,1,0,0,16,0,3,2,1,1,1,8,1,4,0,0,0,0,Red2
9,2073,0,0,1,0,1,0,0,0,1,0,1,16,0,0,0,1,0,2,32,2,16,0,0,0,1,Red3
83,2073,0,0,1,0,0,0,0,0,1,0,0,32,0,3,0,0,0,0,32,4,16,0,0,0,0,Red3
96,2073,0,0,1,0,1,0,0,0,3,0,1,32,0,0,0,0,1,1,64,8,32,0,0,0,0,Blue4
15,2073,0,0,1,0,0,0,0,0,1,0,1,0,0,1,0,0,0,0,32,8,32,0,0,0,1,Blue5
25,2073,0,0,1,0,0,0,2,0,3,0,1,8,0,1,0,0,1,1,4,8,32,0,0,0,0,Blue5
73,2073,0,0,1,0,0,0,0,0,1,0,0,16,0,1,0,0,0,0,16,16,16,0,0,0,0,Blue5
4,3598,0,0,1,3,0,0,0,0,1,0,0,1,0,0,0,0,0,0,1,2,8,0,0,0,0,Red1
55,3598,0,1,1,0,0,0,0,0,3,0,0,16,0,0,0,0,1,1,16,4,32,0,0,0,1,Red1
101,3598,0,0,1,0,0,0,1,0,1,0,1,4,0,1,0,0,0,0,8,2,8,0,0,0,0,Red1
36,3598,0,0,0,0,0,0,0,1,1,0,0,0,0,0,0,0,0,0,0,0,0,0,0,0,0,Red2
10,3598,0,0,1,0,0,0,0,0,3,0,0,4,0,0,0,0,0,0,16,2,8,0,0,0,0,Red3
64,3598,0,0,1,0,0,0,0,0,1,0,1,4,0,0,2,1,0,1,2,1,2,0,0,0,0,Blue4
27,3598,0,0,0,0,0,0,0,0,1,0,0,4,0,0,0,0,0,0,8,2,8,0,0,0,0,Blue5
79,3598,0,0,1,0,0,0,0,0,1,0,0,16,3,0,0,0,0,0,8,16,32,0,0,0,0,Blue5
93,3598,0,0,1,0,0,0,0,0,3,0,0,16,0,0,0,0,0,4,32,32,64,0,0,0,0,Blue5
43,3598,0,0,1,0,0,0,0,0,3,0,0,8,0,0,0,0,0,0,2,2,8,0,0,0,0,Blue6
48,3598,0,0,1,0,0,0,0,0,1,0,0,2,0,1,0,0,0,0,16,32,16,0,0,0,0,Blue6
14,2204,0,0,0,0,0,0,0,0,2,0,0,1,0,0,0,0,0,0,1,2,2,0,0,0,0,Red1
62,2204,0,0,1,0,0,0,0,0,2,0,0,0,0,0,0,0,0,0,0,8,8,0,0,0,0,Red1
28,2204,0,0,0,0,0,0,0,1,1,0,0,0,0,0,0,0,0,0,0,0,0,0,0,0,0,Red2
54,2204,0,0,1,0,0,0,0,0,2,0,0,0,0,0,0,0,0,0,1,4,4,0,0,0,0,Red2
75,2204,0,0,1,0,0,0,0,0,2,0,0,0,0,0,0,0,0,1,4,32,8,0,0,0,0,Red2
91,2204,0,0,1,0,0,0,0,1,2,0,0,1,0,0,0,0,0,0,1,32,16,0,0,0,0,Red3
70,2204,0,0,1,0,0,0,0,0,4,0,0,0,0,0,0,0,0,0,0,0,0,0,0,0,0,Blue4
7,2204,0,0,1,0,0,0,0,0,4,0,0,0,0,0,0,0,0,0,0,0,4,0,0,0,0,Blue6
20,2204,0,0,0,0,0,0,0,0,4,0,0,1,0,0,0,0,0,0,1,1,1,0,0,0,0,Blue6
41,2204,0,0,0,0,0,0,0,0,4,0,0,1,0,0,0,0,0,0,1,1,4,0,0,0,0,Blue6
83,2204,0,0,0,0,0,0,0,0,2,0,0,0,0,0,0,0,0,0,1,8,8,0,0,1,0,Blue6
93,5274,0,0,0,0,0,0,0,0,1,0,2,4,0,1,0,0,0,0,4,1,4,0,0,0,0,Red1
12,5274,0,0,1,0,0,0,0,0,3,0,0,32,0,0,0,1,0,0,8,64,16,0,0,0,0,Red2
40,5274,0,0,1,0,0,0,0,0,3,0,1,0,0,0,2,0,0,0,1,8,4,0,0,0,0,Red2
100,5274,0,0,0,0,0,0,0,0,1,0,2,16,0,0,1,0,0,0,16,1,64,0,0,0,0,Red2
50,5274,0,0,0,0,0,0,0,0,2,0,1,8,0,0,0,0,0,0,4,64,32,0,1,0,0,Red3
19,5274,0,0,1,0,0,0,0,0,1,0,3,8,0,3,0,0,0,0,16,2,16,0,0,0,0,Blue4
35,5274,0,0,0,0,0,0,0,0,3,0,0,4,0,0,0,0,1,0,4,2,4,0,0,0,0,Blue4
60,5274,0,0,0,0,1,0,0,0,4,0,0,0,0,0,0,0,0,0,0,4,8,0,0,0,0,Blue4
66,5274,0,0,0,0,0,0,0,0,1,0,0,8,0,0,0,0,0,0,16,128,128,0,0,0,0,Blue4
73,5274,0,0,0,0,0,0,0,0,2,0,0,0,0,0,0,0,0,0,1,4,4,0,0,0,0,Blue4
82,5274,0,0,0,0,0,0,0,0,1,0,0,1,0,0,0,0,0,0,0,0,0,0,0,0,0,Blue4
7,5274,0,0,1,0,0,0,0,0,1,0,1,0,0,0,0,0,0,0,1,1,8,0,0,0,0,Blue5
71,2473,0,0,1,0,0,0,0,0,2,0,0,0,0,0,0,0,0,0,0,16,16,0,0,0,0,Red2
90,2473,0,0,1,0,1,0,0,0,2,0,0,16,0,3,0,0,0,2,8,32,16,0,0,0,0,Red2
95,2473,0,0,0,0,0,0,0,0,1,0,0,8,0,0,0,0,0,0,16,4,8,0,0,0,0,Red2
22,2473,0,0,1,0,0,0,0,0,0,0,0,4,0,2,0,0,0,0,2,8,16,0,0,0,0,Red3
78,2473,0,0,0,0,0,0,0,1,1,0,0,0,0,0,0,0,0,0,0,0,0,0,0,0,0,Blue4
3,2473,0,0,0,0,0,0,0,0,1,0,0,16,0,0,0,0,2,2,8,0,16,0,0,0,0,Blue5
40,2473,0,0,1,0,0,0,0,0,1,0,0,16,0,1,0,0,0,1,16,4,8,0,0,0,0,Blue5
46,2473,0,0,0,0,1,0,0,0,1,0,0,16,0,2,0,0,0,0,4,2,8,0,0,0,0,Blue5
59,2473,0,0,0,0,0,0,0,0,3,0,0,8,0,0,0,0,0,0,16,16,16,0,0,0,0,Blue5
10,2473,0,0,1,0,0,0,0,0,3,0,0,0,0,0,0,0,0,1,4,8,32,0,0,0,1,Blue6
3,5026,0,0,0,0,0,0,0,0,1,0,0,1,0,0,0,0,0,0,1,4,8,0,0,0,0,Red1
19,5026,0,0,1,0,0,0,0,0,4,0,0,0,0,0,0,0,0,0,0,0,0,0,0,0,0,Red2
39,5026,0,0,0,0,0,0,0,0,2,0,0,1,0,0,0,0,0,0,1,8,4,0,0,0,0,Red2
47,5026,0,0,1,0,0,0,0,0,4,0,0,1,0,0,0,0,0,0,1,32,16,0,0,0,0,Red3
78,5026,0,0,1,0,0,0,0,0,2,0,0,1,0,0,0,0,0,0,2,64,8,1,0,0,0,Red3
14,5026,0,0,1,0,0,0,0,0,4,0,0,1,0,0,0,0,0,0,1,1,1,0,0,0,0,Blue4
56,5026,0,0,0,0,0,0,0,0,2,0,0,0,0,0,0,0,0,0,0,8,8,0,0,0,0,Blue4
94,5026,0,0,0,0,0,0,0,0,2,0,0,1,0,0,0,0,0,0,1,2,8,0,0,0,0,Blue4
72,5026,0,0,1,0,0,0,0,0,4,0,0,0,0,0,0,0,0,0,1,32,2,0,0,0,0,Blue6
85,5026,0,0,0,0,0,0,1,0,1,0,0,8,0,0,0,0,0,0,0,0,0,0,0,0,0,Blue6
102,5026,0,0,1,0,0,0,0,0,2,0,0,1,0,0,0,0,0,0,1,1,1,2,0,0,0,Blue6
8,4643,0,0,1,0,0,0,0,0,3,0,0,2,0,0,0,0,2,1,2,0,4,0,0,0,0,Red2
14,4643,0,0,1,0,0,0,0,0,2,0,0,2,0,0,0,0,0,0,1,4,4,0,0,0,0,Red2
25,4643,0,0,1,0,0,0,0,0,1,0,0,32,0,0,2,0,0,1,64,1,128,0,0,0,0,Red2
63,4643,1,0,1,0,0,0,0,0,1,0,0,16,0,0,0,0,0,2,32,4,4,0,0,0,0,Red2
93,4643,1,0,1,0,0,0,0,0,1,0,0,2,0,1,0,0,0,0,2,8,4,0,0,0,0,Red2
45,4643,0,0,1,0,0,0,0,0,2,0,0,2,0,0,0,0,0,1,1,8,8,0,0,0,0,Blue5
52,4643,0,0,1,0,0,0,0,0,2,0,0,0,0,0,0,0,0,0,4,8,16,0,0,0,0,Blue5
69,4643,0,0,1,0,0,0,0,0,4,0,0,2,0,0,0,0,0,0,1,4,32,0,0,0,0,Blue5
80,4643,0,0,0,0,1,0,0,0,4,0,0,0,0,0,0,0,0,0,0,0,0,0,0,0,0,Blue5
102,4643,0,0,0,0,0,0,0,1,1,0,0,0,0,0,0,0,0,0,0,0,0,0,0,0,0,Blue5
87,4643,1,0,0,0,0,0,0,0,1,0,0,2,0,0,0,0,0,0,16,64,32,0,0,1,0,Blue6
47,2085,0,0,1,1,0,0,0,0,3,0,0,32,0,0,0,3,0,0,32,16,64,0,0,0,0,Red1
22,2085,0,0,1,0,0,0,0,0,1,0,2,128,0,1,0,3,0,0,8,2,8,0,0,0,0,Red2
99,2085,0,0,1,0,1,0,0,0,1,0,0,64,0,2,0,2,0,0,64,32,128,0,0,0,0,Red2
62,2085,0,0,1,1,0,0,0,0,1,0,1,16,0,3,0,3,0,0,32,0,8,0,0,0,0,Red3
67,2085,0,0,1,0,0,0,0,0,1,0,1,16,0,0,2,3,0,0,64,8,32,0,0,0,1,Red3
28,2085,0,0,1,1,0,0,0,0,1,0,0,256,6,0,0,0,0,0,64,1,64,0,0,0,0,Blue4
80,2085,0,0,0,0,0,0,0,0,1,1,0,4,0,1,0,0,0,3,32,16,32,0,0,0,0,Blue4
38,2085,0,0,1,1,0,0,0,0,1,0,3,64,0,0,0,0,0,0,64,0,64,0,0,0,0,Blue5
4,2085,0,0,1,1,0,0,0,0,1,0,1,32,0,3,1,3,0,0,64,8,32,0,0,0,0,Blue6
12,2085,0,0,0,0,0,0,0,0,2,0,0,2,0,1,0,0,0,0,1,4,8,0,0,0,0,Blue6
19,4135,0,0,1,1,0,0,0,0,1,0,0,64,0,3,0,2,0,1,128,1,128,0,0,0,0,Red1
72,4135,0,0,1,0,1,0,0,0,3,0,1,16,0,1,0,0,0,0,128,32,64,0,0,0,0,Red1
87,4135,0,0,1,0,1,0,0,0,1,0,0,0,0,2,1,2,0,0,16,4,16,0,0,0,0,Red1
1,4135,0,0,1,0,0,0,0,0,4,0,0,2,0,0,0,0,0,0,0,0,0,0,0,0,0,Red2
37,4135,0,0,0,0,1,0,0,0,1,0,2,32,0,2,0,0,0,2,64,16,64,0,0,0,0,Blue4
62,4135,0,0,1,0,0,0,0,0,1,0,0,2,0,0,2,0,0,1,4,1,2,0,0,0,0,Blue4
10,4135,1,0,1,0,0,0,0,0,1,0,0,0,0,0,0,0,0,1,0,0,0,0,0,0,0,Blue5
48,4135,0,0,1,0,0,0,0,0,1,0,0,2,0,2,0,1,0,0,2,4,16,0,0,0,0,Blue5
92,4135,0,0,1,0,0,0,0,0,1,0,0,16,2,1,1,2,0,0,32,32,64,0,0,0,0,Blue5
80,4135,0,0,1,0,0,0,0,0,3,0,0,2,0,0,0,0,0,1,1,4,4,0,0,0,0,Blue6
10,668,0,0,1,0,0,0,0,0,3,0,0,32,0,0,0,0,0,1,8,128,64,0,0,0,0,Red1
20,668,0,0,1,0,0,0,0,0,3,0,0,8,0,0,0,0,0,1,64,32,64,0,0,0,0,Red1
65,668,1,0,1,0,0,0,0,0,3,0,0,64,0,2,0,2,0,2,64,16,64,0,0,0,0,Red2
102,668,0,0,1,1,0,0,0,0,3,0,0,32,0,1,0,1,0,1,64,32,128,0,0,0,0,Red2
42,668,0,0,1,0,0,0,0,0,1,0,2,4,0,0,0,0,0,0,32,2,32,0,0,0,0,Red3
96,668,0,0,1,0,0,0,0,0,1,0,0,64,0,2,0,0,0,0,64,1,32,0,0,0,0,Red3
2,668,0,0,1,0,0,0,0,0,3,0,0,1,0,0,0,0,0,1,1,2,2,0,0,0,0,Blue5
36,668,0,0,1,0,1,0,0,0,2,0,0,8,0,2,0,0,0,0,2,32,16,0,0,0,0,Blue5
53,668,1,0,1,0,0,0,0,0,3,0,0,8,0,0,0,0,0,1,16,4,32,0,0,0,1,Blue5
60,668,0,0,1,0,1,0,0,0,1,0,0,8,0,0,0,1,0,2,16,4,16,0,0,0,0,Blue5
74,668,1,0,1,0,0,0,0,0,2,0,0,8,0,0,0,0,0,0,8,4,8,0,0,0,0,Blue5
97,1458,1,0,1,0,0,0,0,0,1,0,3,2,0,3,0,0,0,0,4,1,16,0,0,0,0,Red1
81,1458,1,0,1,0,0,0,0,0,1,0,2,4,0,0,0,0,0,1,16,8,16,0,0,0,0,Red2
88,1458,1,0,1,0,0,0,0,0,1,0,2,4,0,0,0,0,0,3,4,1,32,0,0,0,0,Red2
19,1458,0,0,1,0,1,0,0,0,3,0,2,32,0,2,0,0,0,0,32,8,16,0,0,0,1,Red3
4,1458,0,0,1,1,0,0,0,0,1,0,2,0,0,0,0,0,0,0,0,0,0,1,0,0,0,Blue4
11,1458,1,0,0,0,0,0,0,0,1,0,0,32,0,0,1,0,0,0,8,4,16,0,0,0,0,Blue4
44,1458,0,0,0,0,1,0,0,0,1,0,0,4,0,0,1,0,0,0,16,1,8,0,0,0,0,Blue5
70,1458,0,0,1,0,0,0,0,0,1,0,1,8,0,0,0,0,0,0,4,4,16,0,0,0,0,Blue5
52,1458,0,0,0,0,0,0,0,0,1,0,0,8,0,0,0,1,0,0,8,2,16,0,0,0,0,Blue6
60,1458,0,0,1,0,1,0,0,0,1,0,3,16,0,3,0,0,0,0,16,16,16,0,0,0,0,Blue6
39,3250,1,0,1,1,0,0,0,0,1,0,0,0,0,0,0,0,0,0,0,0,16,0,0,0,0,Red1
59,3250,1,0,1,0,0,0,0,0,1,0,3,16,0,0,0,0,0,4,32,16,32,0,0,0,1,Red1
27,3250,0,0,1,1,0,0,0,0,3,0,0,128,2,1,0,0,0,3,128,64,64,0,0,0,0,Red2
15,3250,0,0,1,1,0,0,0,0,1,0,0,8,0,0,0,0,0,1,32,8,32,0,0,0,0,Red3
52,3250,1,0,1,0,0,0,0,0,1,0,0,32,1,2,0,0,0,4,128,2,32,0,0,0,0,Red3
82,3250,1,0,1,0,0,0,0,0,3,0,1,16,0,2,0,0,0,1,16,8,8,0,0,0,0,Red3
65,3250,0,0,1,1,0,0,0,0,1,0,0,1,0,0,0,0,0,0,16,16,16,0,0,0,0,Blue4
104,3250,0,0,1,0,1,0,0,0,1,0,0,8,0,0,0,0,0,2,4,1,16,0,0,0,0,Blue4
34,3250,0,0,1,0,1,0,0,0,1,0,2,4,0,0,0,0,0,2,32,8,64,0,0,0,0,Blue5
75,3250,0,0,1,0,0,0,0,0,1,0,1,32,0,0,0,0,0,1,64,16,64,0,0,0,0,Blue5
1,3250,0,0,1,0,0,0,0,0,1,0,0,8,0,0,0,0,0,3,1,4,16,0,0,0,0,Blue6
1,3250,0,0,0,0,0,0,0,0,1,0,0,4,0,1,0,0,0,2,16,8,16,0,0,0,0,Blue6
92,3250,0,0,1,0,0,0,0,0,3,0,0,16,0,1,0,0,0,1,16,32,16,0,0,0,0,Blue6
35,2035,0,0,1,0,0,0,0,0,1,0,0,4,0,3,1,0,0,4,2,4,16,0,0,0,0,Red1
64,2035,0,0,1,0,1,0,0,0,3,0,3,16,0,0,0,0,0,0,32,32,32,0,0,0,1,Red1
2,2035,0,0,1,1,0,0,0,0,1,0,1,8,0,1,0,0,0,0,8,8,8,0,0,0,0,Red2
77,2035,0,0,1,0,1,0,0,0,3,0,2,64,0,0,0,0,0,2,128,128,128,0,0,0,0,Red2
14,2035,1,0,1,0,0,0,0,0,3,0,2,256,0,0,0,2,0,0,256,64,64,0,0,0,0,Red3
51,2035,0,0,1,0,0,0,0,0,3,0,3,128,0,2,0,0,0,0,256,4,256,0,0,0,0,Red3
27,2035,0,0,1,1,0,0,0,0,1,0,3,128,0,1,0,0,0,1,256,16,256,0,0,0,0,Blue4
97,2035,1,0,1,0,0,0,0,0,1,0,2,8,0,0,1,0,0,2,32,16,64,0,0,0,0,Blue5
44,2035,0,0,1,0,1,0,0,0,1,0,0,32,0,1,0,1,0,2,64,1,64,0,0,0,0,Blue6
58,2035,0,0,1,0,1,0,0,0,1,0,0,4,0,0,0,2,0,0,64,1,16,0,0,0,0,Blue6
90,2035,1,0,1,0,0,0,0,0,1,0,1,4,0,0,0,1,0,0,16,2,8,0,0,0,0,Blue6
52,692,0,0,0,0,0,0,0,0,1,0,0,256,4,1,0,0,0,0,32,1,16,0,0,0,0,Red1
7,692,0,0,0,0,0,0,0,0,1,0,0,16,0,1,0,0,0,2,16,0,16,0,0,0,0,Red2
94,692,0,0,0,0,0,0,0,0,1,0,0,1,0,0,0,0,0,0,4,1,16,0,0,0,0,Red2
18,692,0,0,1,0,0,0,0,0,3,0,0,8,0,0,0,0,0,0,16,4,8,0,0,0,0,Red3
25,692,0,0,1,0,0,0,0,0,2,0,0,0,0,0,0,0,0,0,0,32,16,0,0,0,0,Red3
80,692,0,0,0,0,0,0,0,0,1,0,0,8,1,0,0,0,0,0,16,1,4,0,0,0,0,Red3
44,692,0,0,1,0,0,0,0,0,4,0,0,0,0,0,0,0,0,0,0,0,0,0,0,0,0,Blue4
71,692,0,0,0,0,0,0,0,0,1,0,0,32,0,1,0,0,0,0,8,1,16,0,0,0,0,Blue6
103,692,0,0,1,0,0,0,0,1,1,0,0,8,0,0,0,0,0,1,4,1,4,0,0,0,0,Blue6
82,2761,0,0,1,0,1,0,0,0,1,1,1,16,0,1,2,1,0,2,32,4,32,0,0,0,0,Red1
5,2761,0,0,1,0,0,1,0,0,1,0,1,16,0,0,0,2,0,0,32,4,16,0,0,0,0,Red2
45,2761,0,0,1,0,1,0,0,0,1,0,0,32,0,0,0,0,0,0,128,1,16,0,0,0,0,Red2
51,2761,0,0,0,0,0,0,0,0,2,0,0,4,0,0,0,1,0,0,16,128,16,0,0,0,0,Red2
68,2761,0,0,1,0,1,0,0,0,1,0,0,16,0,0,1,1,0,0,16,16,32,0,0,0,0,Red2
10,2761,0,0,1,0,0,0,0,0,1,0,0,0,0,0,1,1,0,0,32,1,16,0,0,0,0,Blue4
98,2761,0,0,1,0,1,0,0,0,1,0,1,0,0,0,2,2,0,0,64,32,32,0,0,1,1,Blue4
19,2761,0,0,1,0,1,0,0,0,3,0,0,32,0,0,1,2,0,0,32,16,64,0,0,0,0,Blue5
28,2761,0,0,1,0,0,0,1,0,1,0,0,64,0,0,0,0,0,0,128,32,64,0,0,0,0,Blue5
57,2761,0,0,1,1,0,0,0,0,1,0,2,16,0,1,0,0,0,0,128,2,16,0,0,0,0,Blue6
74,2761,0,0,1,0,1,0,0,0,1,0,1,64,1,1,0,2,0,0,64,4,128,0,0,0,0,Blue6
4,3256,1,0,1,0,0,0,0,0,1,0,1,16,0,1,0,0,0,0,16,4,8,0,0,0,0,Red2
21,3256,0,0,0,0,0,0,0,0,1,0,0,4,0,0,0,1,0,0,4,4,4,0,0,0,0,Red2
76,3256,1,0,1,0,0,0,0,0,1,0,0,32,1,1,0,0,0,3,128,2,128,0,0,0,0,Red3
98,3256,0,0,1,0,0,0,0,0,2,0,0,1,0,0,0,0,0,0,1,128,64,0,0,0,0,Red3
59,3256,1,0,1,0,0,0,0,0,3,0,0,4,0,0,0,0,0,0,8,16,16,0,0,0,0,Blue4
69,3256,0,0,1,0,0,0,0,0,1,0,0,0,0,0,1,1,0,1,0,0,0,0,0,0,0,Blue4
37,3256,0,0,0,0,0,0,0,0,1,0,0,32,0,2,0,0,0,0,16,32,8,0,0,0,0,Blue5
50,3256,0,0,1,0,0,0,0,0,4,0,0,0,0,0,0,0,0,0,0,0,0,0,0,0,0,Blue5
14,3256,1,0,0,0,0,0,0,0,1,0,2,16,0,1,0,1,0,3,16,2,8,0,0,0,0,Blue6
104,3256,0,0,1,0,1,0,0,0,4,0,1,0,0,0,0,0,0,0,0,0,0,0,0,0,1,Blue6
7,2489,0,0,1,0,0,0,0,0,3,0,0,64,0,0,0,0,0,1,128,8,64,0,0,0,0,Red1
16,2489,0,0,1,0,0,0,0,0,3,0,1,8,0,0,0,0,0,1,4,16,4,0,0,0,0,Red1
37,2489,0,0,1,0,0,0,0,0,1,0,1,0,0,2,0,0,0,1,4,4,4,0,0,0,0,Red1
103,2489,0,0,1,0,0,0,0,0,2,0,0,1,0,0,0,0,0,0,2,4,4,0,0,0,0,Red1
23,2489,0,0,0,0,0,0,0,0,4,0,0,1,0,0,0,0,0,0,1,1,1,0,0,0,0,Red2
96,2489,0,0,1,1,0,0,0,0,2,0,0,8,0,0,0,0,0,0,8,32,64,0,1,1,0,Red2
48,2489,0,0,1,0,0,0,0,0,4,0,0,1,0,0,0,0,0,0,1,1,1,0,0,0,0,Blue4
55,2489,0,0,1,0,0,0,0,0,1,0,0,0,0,0,0,0,0,0,0,0,0,0,0,0,0,Blue4
81,2489,0,0,1,0,0,0,0,0,1,0,0,1,0,0,0,0,0,1,0,16,32,0,0,0,0,Blue4
90,2489,0,0,1,0,0,0,0,0,1,0,0,1,0,0,0,0,0,0,2,4,2,0,0,0,0,Blue5
66,2489,0,0,1,0,0,0,0,0,4,0,0,1,0,0,0,0,0,0,1,1,1,0,0,0,0,Blue6
13,4669,0,0,0,0,0,0,0,0,2,0,0,1,0,0,0,0,0,0,2,128,128,0,0,0,0,Red1
94,4669,0,0,1,0,0,0,0,0,2,0,0,0,0,0,0,0,0,0,1,2,2,0,0,0,0,Red1
20,4669,0,0,1,0,0,0,0,1,1,0,0,1,0,0,0,0,0,0,0,0,0,0,0,0,0,Red3
34,4669,0,0,1,0,0,0,0,0,3,0,0,0,0,0,0,0,0,0,0,1,4,0,0,0,0,Red3
44,4669,0,0,1,0,0,0,0,0,3,0,0,16,1,1,0,0,0,0,8,32,16,0,0,0,0,Red3
5,4669,0,0,0,0,0,0,0,0,2,0,0,1,0,0,0,0,0,0,1,1,4,0,0,0,0,Blue5
58,4669,0,0,0,0,0,0,0,0,3,0,0,8,0,0,0,0,0,0,8,8,16,0,0,0,1,Blue5
87,4669,1,0,1,0,0,0,0,0,2,0,0,4,0,0,0,0,0,0,1,4,2,0,0,0,0,Blue5
50,4669,0,0,1,0,0,0,0,0,1,0,0,4,0,0,0,0,0,0,4,1,8,0,0,0,0,Blue6
65,4669,0,0,1,0,0,0,0,1,2,0,0,1,0,0,0,0,0,0,1,8,2,0,0,0,0,Blue6
73,4669,0,0,1,0,0,0,0,1,4,0,0,1,0,0,0,0,0,0,1,1,1,0,0,0,0,Blue6
100,4669,0,0,1,0,0,0,0,0,1,0,0,4,0,1,0,0,0,0,8,4,32,0,0,0,1,Blue6
8,4159,0,0,1,0,0,0,0,0,3,0,0,16,0,0,0,0,0,1,8,4,4,0,0,0,0,Red1
44,4159,0,0,1,0,0,0,0,0,3,0,0,8,0,0,0,0,0,2,8,16,32,0,0,0,0,Red1
75,4159,0,0,1,0,0,0,0,0,3,0,0,4,0,1,0,0,0,1,16,2,16,0,0,0,0,Red1
84,4159,0,0,0,0,0,0,0,1,1,0,0,0,0,0,0,0,0,0,1,16,4,0,0,0,0,Red2
35,4159,0,0,1,0,0,0,0,0,2,0,0,2,0,1,0,0,0,0,4,8,32,0,0,0,0,Red3
101,4159,0,0,1,0,0,0,0,0,2,0,0,2,0,0,0,0,0,0,2,8,8,0,0,0,0,Red3
17,4159,0,0,1,0,0,0,0,0,2,0,0,0,0,0,0,0,0,0,1,8,8,1,0,0,0,Blue4
26,4159,0,0,0,0,0,0,0,1,0,0,0,0,0,0,0,0,0,0,0,0,0,0,0,0,0,Blue5
49,4159,0,0,1,0,0,0,0,0,2,0,0,1,0,0,0,0,0,0,1,32,16,0,0,0,0,Blue6
67,4159,0,0,1,0,0,0,0,0,1,0,0,4,0,1,0,0,0,0,2,2,8,0,0,0,0,Blue6
96,4159,0,0,1,0,0,0,0,1,1,0,0,8,0,0,0,0,0,1,2,4,32,0,0,0,0,Blue6
15,701,1,0,1,0,0,0,0,0,2,0,0,2,0,0,0,0,0,1,2,4,8,0,0,0,0,Red2
56,701,0,0,1,0,1,0,0,0,3,0,1,4,0,2,0,0,0,0,64,32,64,0,0,0,0,Red2
79,701,0,0,1,0,0,0,0,0,1,0,0,32,0,0,1,1,1,1,32,16,32,0,0,0,0,Red2
7,701,1,0,1,0,0,0,0,0,1,0,0,1,0,0,0,0,0,0,2,2,4,0,0,0,0,Red3
49,701,0,0,1,0,1,0,0,0,1,0,2,64,0,3,1,0,0,1,64,1,128,0,0,0,0,Red3
20,701,1,0,0,0,0,0,0,0,1,0,0,2,0,0,0,0,0,0,2,1,2,0,0,0,0,Blue4
87,701,0,0,1,0,0,0,0,0,1,0,0,16,0,1,0,1,0,1,16,4,32,0,0,0,0,Blue4
95,701,1,0,1,0,0,0,0,0,1,0,1,32,0,0,1,1,0,1,64,4,32,0,0,0,0,Blue4
42,701,0,0,1,0,0,0,0,0,1,0,0,128,1,1,0,0,0,0,64,4,16,0,0,0,0,Blue5
67,701,0,0,1,1,0,0,0,0,1,0,2,128,0,0,1,0,0,1,64,4,32,0,0,0,0,Blue5
24,3013,0,0,0,0,0,0,0,0,4,0,0,0,0,0,0,0,0,0,0,1,1,0,0,0,0,Red1
74,3013,0,0,1,0,0,0,0,0,2,0,0,1,0,0,0,0,0,0,1,8,2,0,0,0,0,Red1
100,3013,0,0,0,0,0,0,0,1,0,0,0,0,0,0,0,0,0,0,0,0,0,0,0,0,0,Red1
82,3013,0,0,0,0,0,0,0,1,1,0,0,0,0,0,0,0,0,0,0,0,0,0,0,0,0,Red2
3,3013,0,0,0,0,0,0,0,1,1,0,0,0,0,0,0,0,0,0,0,0,0,0,0,0,0,Blue4
41,3013,0,0,0,0,0,0,0,1,1,0,0,0,0,0,0,0,0,0,0,0,0,0,0,0,0,Blue4
52,3013,0,0,1,0,0,0,0,0,4,0,0,0,0,0,0,0,0,0,0,0,0,0,0,0,0,Blue4
58,3013,0,0,0,0,0,0,0,1,0,0,0,0,0,0,0,0,0,0,0,0,0,0,0,0,0,Blue4
17,3013,0,0,0,0,0,0,0,0,2,0,0,0,0,0,0,0,0,0,0,2,2,0,0,0,0,Blue5
64,3013,0,0,1,0,0,0,0,0,4,0,0,1,0,0,0,0,0,0,1,2,2,0,0,0,0,Blue6
22,1351,0,0,1,1,0,0,0,0,3,0,0,16,0,2,2,2,0,0,32,32,32,0,0,0,0,Red1
4,1351,1,0,1,0,0,0,0,0,3,0,0,4,0,0,1,0,1,0,2,4,4,0,0,0,0,Red3
39,1351,0,0,0,0,1,0,0,0,1,0,1,16,0,0,2,2,0,0,32,8,32,0,0,0,0,Red3
68,1351,0,0,0,0,0,0,0,1,1,0,0,0,0,0,0,0,0,0,0,0,0,0,0,0,0,Red3
93,1351,1,0,1,0,0,0,0,0,3,0,0,4,0,0,0,0,0,3,2,8,64,0,0,0,0,Red3
53,1351,0,0,1,0,0,0,0,0,2,0,0,4,0,0,0,0,0,0,1,1,1,0,0,0,0,Blue4
83,1351,0,0,0,1,0,0,0,0,1,0,2,32,0,1,2,0,0,1,64,32,16,0,0,0,0,Blue4
16,1351,1,0,1,0,0,0,0,0,3,0,1,32,0,0,0,0,0,1,64,16,64,0,0,0,1,Blue5
100,1351,0,0,0,0,0,0,0,0,3,0,0,4,0,0,2,0,0,0,8,4,8,0,0,0,0,Blue5
33,1351,1,0,1,0,0,0,0,0,1,0,2,32,0,0,4,0,0,0,32,2,32,0,0,0,0,Blue6
77,1351,0,0,1,0,0,0,0,0,3,0,1,16,0,0,0,1,0,0,32,32,8,0,0,0,0,Blue6
28,840,1,0,1,0,0,0,0,0,4,0,0,0,0,0,0,0,0,0,0,0,4,0,0,0,0,Red1
77,840,0,0,1,0,0,0,0,0,2,0,0,1,0,2,0,0,0,0,2,16,32,0,0,0,0,Red1
92,840,0,0,1,0,0,0,0,0,2,0,0,0,0,0,0,0,0,0,1,4,4,0,0,0,0,Red1
16,840,0,0,1,0,0,0,0,0,1,0,0,16,0,0,0,0,0,1,64,0,16,0,0,0,0,Red2
40,840,0,0,1,0,0,0,0,0,1,0,1,16,0,0,0,0,0,0,8,4,16,0,0,0,0,Red3
56,840,0,0,1,0,0,0,0,0,1,0,1,128,1,1,0,0,0,2,128,1,64,0,0,0,0,Red3
100,840,0,0,1,0,0,0,0,0,3,0,0,2,0,0,0,0,0,1,1,2,2,0,0,0,0,Blue4
9,840,0,0,1,0,0,0,0,0,1,0,0,1,0,1,0,0,0,0,1,1,1,0,0,0,0,Blue5
21,840,0,0,1,0,0,0,0,0,1,0,0,32,0,0,1,0,0,2,64,0,32,0,0,0,0,Blue5
49,840,0,0,1,0,0,0,0,0,1,0,0,8,0,0,0,0,0,0,2,4,8,0,0,0,0,Blue5
71,840,0,0,1,0,0,0,0,0,1,0,0,4,0,0,0,0,0,0,4,4,4,0,0,0,0,Blue5
84,840,0,0,1,0,0,0,0,0,1,0,2,1,0,1,0,0,0,0,8,32,16,0,0,1,0,Blue5
21,585,0,0,1,0,0,0,0,0,4,0,0,0,0,0,0,0,0,0,1,1,4,1,0,0,0,Red1
67,585,0,0,0,0,0,0,0,0,3,0,0,1,0,0,0,0,0,0,0,8,4,0,0,0,0,Red1
10,585,0,0,0,0,0,0,0,0,2,0,0,1,0,0,0,0,0,0,1,1,4,0,0,0,0,Red2
45,585,0,0,0,0,0,0,0,1,4,0,0,1,0,0,0,0,0,0,1,1,1,0,0,0,0,Red3
73,585,1,0,1,0,0,0,0,0,2,0,0,0,0,0,0,0,0,0,1,4,4,0,0,0,0,Red3
88,585,0,0,0,0,0,0,0,1,1,0,0,0,0,0,0,0,0,0,0,0,0,0,0,0,0,Red3
51,585,0,0,0,0,0,0,0,0,4,0,0,1,0,1,0,0,0,0,0,0,0,0,0,0,0,Blue4
97,585,1,0,1,0,0,0,0,0,4,0,0,1,0,0,0,0,0,0,1,1,1,0,0,0,0,Blue4
62,585,0,0,1,0,0,0,0,0,2,0,0,1,0,0,0,0,0,0,1,4,2,0,0,0,0,Blue5
103,585,0,0,1,0,0,0,0,0,4,0,0,0,0,0,0,0,0,0,0,0,0,0,0,0,0,Blue5
3,585,0,0,0,0,0,0,0,0,4,0,0,0,0,0,0,0,0,0,0,0,0,0,0,0,0,Blue6
3,5134,0,0,0,0,0,0,0,0,1,0,0,1,0,0,0,0,0,1,1,1,1,0,0,0,0,Red2
42,5134,0,0,1,0,0,0,0,0,3,1,0,8,1,0,0,0,0,0,16,32,64,0,0,0,0,Red2
49,5134,0,0,0,0,0,0,0,0,2,0,0,1,0,0,0,0,0,0,2,16,16,0,0,0,0,Red2
80,5134,0,0,1,0,0,0,0,0,2,0,0,0,0,0,0,0,0,0,2,4,2,0,0,0,0,Red2
55,5134,0,0,1,0,0,0,0,0,2,0,0,1,0,0,0,0,0,0,1,2,2,0,0,0,0,Red3
12,5134,0,0,0,0,0,0,0,0,1,0,0,4,0,0,0,0,0,0,1,1,1,0,0,0,0,Blue4
34,5134,0,0,0,0,0,0,0,0,2,0,0,1,0,0,0,0,0,0,1,1,2,0,0,0,0,Blue4
89,5134,0,0,1,0,0,0,0,0,1,0,0,4,0,0,0,0,0,0,2,32,8,0,0,0,1,Blue4
23,5134,0,2,0,0,0,0,1,0,4,0,0,1,0,0,0,0,0,0,1,4,2,0,0,0,0,Blue5
68,5134,0,0,1,0,0,0,0,0,3,0,0,2,0,0,0,0,0,0,1,4,4,0,0,0,0,Blue6
97,5134,0,0,1,0,0,0,0,0,2,0,0,1,0,0,0,0,0,0,1,2,4,0,0,0,0,Blue6
96,971,0,0,0,1,1,0,0,0,1,0,0,64,0,5,1,5,0,0,128,4,128,0,0,0,0,Red1
6,971,0,0,1,0,1,0,0,0,1,0,0,4,0,0,0,0,0,0,64,4,64,0,0,0,0,Red2
18,971,0,0,1,1,1,0,0,0,1,0,0,8,2,0,1,2,0,0,64,32,64,0,0,0,0,Red2
53,971,0,0,1,1,1,0,0,0,1,0,0,128,1,2,0,3,0,0,256,2,256,0,0,0,0,Red3
58,971,0,0,1,1,1,0,0,0,1,0,0,256,0,5,1,6,0,1,256,1,256,0,0,0,0,Red3
66,971,0,0,1,0,2,0,0,0,1,0,0,64,0,2,1,1,1,1,128,32,64,0,0,0,1,Red3
23,971,2,0,1,0,0,0,0,0,1,0,0,64,0,2,0,3,0,0,128,8,128,0,0,0,0,Blue4
39,971,1,0,1,0,1,0,0,0,1,0,0,64,0,4,1,2,0,3,128,16,64,0,0,0,0,Blue5
28,971,0,0,1,0,1,0,0,0,1,1,0,32,6,0,0,0,0,5,256,4,256,0,0,0,0,Blue6
79,971,0,0,1,1,1,0,0,0,1,0,0,256,3,0,0,1,0,2,256,0,256,0,0,0,0,Blue6
88,971,0,0,1,0,2,0,0,0,1,0,0,0,0,0,1,4,0,1,64,1,64,0,0,0,0,Blue6
12,1868,0,0,1,0,0,0,0,0,4,0,0,1,0,0,1,0,0,0,4,1,1,0,0,0,0,Red1
66,1868,0,0,0,0,0,0,0,0,3,0,0,0,0,0,0,0,0,0,0,0,0,0,0,0,0,Red1
98,1868,0,0,0,0,0,0,0,0,2,0,0,1,0,0,0,0,0,0,0,4,4,0,0,0,0,Red2
1,1868,0,0,1,0,0,0,0,0,4,0,0,0,0,0,0,0,0,0,0,0,0,0,0,0,0,Blue4
43,1868,0,0,1,0,0,0,0,0,1,0,1,8,0,0,1,0,0,1,8,4,8,0,0,0,0,Blue4
74,1868,0,0,1,0,0,0,0,0,2,0,0,0,1,0,0,0,0,0,1,1,1,0,0,0,0,Blue4
90,1868,0,0,1,0,0,0,0,0,1,0,0,8,0,0,0,0,0,0,16,32,64,0,0,1,1,Blue4
20,1868,0,0,1,0,0,0,0,0,3,0,0,16,0,0,1,1,0,0,32,32,64,0,0,0,0,Blue5
51,1868,0,0,0,0,1,0,0,0,1,0,0,8,0,1,0,1,0,0,8,4,16,0,0,0,0,Blue6
1,3925,0,0,1,0,0,0,0,0,1,0,0,4,0,1,0,0,0,0,8,64,32,0,0,0,0,Red1
102,3925,1,0,1,0,0,0,0,0,4,0,0,0,0,0,0,0,0,0,4,4,4,0,0,0,0,Red1
44,3925,0,0,1,1,0,0,0,0,3,0,3,128,1,1,0,0,0,0,256,8,128,0,0,0,0,Red2
53,3925,0,0,1,0,1,0,0,0,3,0,0,4,0,3,0,0,0,0,256,32,32,0,0,1,0,Red2
16,3925,0,0,1,0,1,0,0,0,1,0,0,4,0,0,1,0,0,0,1,1,1,0,0,0,0,Blue4
63,3925,0,0,1,0,0,0,0,0,1,0,0,1,1,0,0,0,0,0,1,1,1,0,0,0,0,Blue4
22,3925,0,0,0,0,0,0,0,1,1,0,0,0,0,0,0,0,0,0,0,0,0,0,0,0,0,Blue5
34,3925,1,0,0,0,0,0,1,0,1,0,0,4,0,0,0,1,0,0,32,32,32,0,1,0,0,Blue6
70,3925,0,0,0,0,0,0,0,0,1,0,0,32,0,1,0,0,0,2,8,4,16,0,0,0,0,Blue6
82,3925,0,0,1,0,0,0,0,0,3,0,0,4,0,0,0,0,0,1,8,16,16,0,0,1,0,Blue6
25,3257,0,0,0,0,0,0,0,1,4,0,0,0,0,0,0,0,0,0,0,0,0,0,0,0,0,Red1
33,3257,0,0,0,0,0,0,0,0,4,0,0,0,0,0,0,0,0,0,1,1,1,0,0,0,0,Red1
40,3257,0,0,0,0,0,0,0,1,1,0,0,0,0,0,0,0,0,0,0,0,0,0,0,0,0,Red1
51,3257,0,0,0,0,0,0,0,1,0,0,0,0,0,0,0,0,0,0,0,0,0,0,0,0,0,Red1
70,3257,1,0,0,0,0,0,0,1,0,0,0,0,0,0,0,0,0,0,0,0,0,0,0,0,0,Red3
2,3257,0,0,0,0,0,0,0,1,4,0,0,0,0,0,0,0,0,0,0,0,0,0,0,0,0,Blue4
79,3257,0,0,1,0,0,0,0,0,1,0,0,2,0,2,0,0,0,0,4,4,8,0,0,0,0,Blue4
85,3257,0,0,1,0,0,0,0,0,1,0,0,0,0,0,0,0,0,0,0,0,0,0,0,0,0,Blue4
99,3257,1,0,1,0,0,0,0,0,1,0,0,0,0,0,0,0,0,0,8,4,4,0,0,0,0,Blue4
13,3257,0,0,0,0,0,0,0,0,2,0,0,0,0,0,0,0,0,0,0,2,2,0,0,0,0,Blue5
104,3257,0,0,1,0,0,0,0,0,4,0,0,0,0,0,0,0,0,1,0,0,0,0,0,0,0,Blue5
11,4185,0,0,1,0,0,0,0,0,4,0,0,1,0,0,0,0,0,0,2,4,1,0,0,0,0,Red1
53,4185,0,0,0,0,0,0,0,0,4,0,0,1,0,0,0,0,0,0,1,32,4,0,0,0,0,Red1
80,4185,0,0,0,0,0,0,0,0,1,0,0,1,0,0,0,0,0,0,1,1,2,0,0,0,0,Red1
59,4185,0,0,0,0,0,0,0,0,2,0,0,0,0,0,0,0,0,0,0,0,0,0,0,0,0,Red2
59,4185,0,0,0,0,0,0,0,0,2,0,0,0,0,0,0,0,0,0,0,0,0,0,0,0,0,Red2
5,4185,0,0,0,0,0,0,0,0,4,0,0,1,0,0,0,0,0,0,2,8,2,0,0,0,0,Red3
103,4185,0,0,1,0,0,0,0,0,2,0,0,1,0,1,0,0,0,0,1,8,4,0,0,0,0,Red3
35,4185,0,0,0,0,0,0,0,0,4,0,0,1,0,0,0,0,0,0,1,1,1,0,0,0,0,Blue5
64,4185,0,0,1,0,0,0,0,0,4,0,0,1,0,0,0,0,0,0,1,2,16,0,0,0,0,Blue5
85,4185,0,0,1,0,0,0,0,0,1,0,0,0,0,0,0,0,0,0,0,0,0,0,0,0,0,Blue5
91,4185,0,0,0,0,0,0,0,0,2,0,0,0,0,0,0,0,0,0,1,4,8,0,0,0,0,Blue5
26,4185,0,0,0,0,0,0,0,0,1,0,0,2,0,0,0,0,0,0,1,2,2,0,0,0,0,Blue6
40,4185,0,0,1,0,0,0,0,0,3,0,0,0,0,0,0,0,0,0,0,4,4,0,0,1,0,Blue6
26,4698,0,0,0,0,0,0,0,0,2,0,0,4,0,0,0,0,0,0,8,8,8,0,0,0,0,Red1
41,4698,0,0,0,0,0,0,0,0,1,0,1,0,0,0,0,0,0,0,4,0,8,0,0,0,0,Red1
90,4698,0,0,1,0,0,0,0,0,3,0,0,2,0,1,0,0,0,0,2,4,8,0,0,0,0,Red1
69,4698,0,0,0,0,0,0,0,0,2,0,0,4,0,0,0,0,0,0,16,4,8,0,0,0,0,Red3
75,4698,0,0,0,0,0,0,0,0,1,0,0,2,0,0,0,0,0,0,4,1,4,0,0,0,0,Red3
50,4698,0,0,1,0,0,0,0,0,2,0,0,2,0,0,0,0,0,0,1,8,4,0,0,0,0,Blue4
18,4698,0,0,0,0,0,0,0,0,4,0,0,0,0,0,0,0,0,0,0,4,16,0,0,0,0,Blue5
56,4698,0,0,0,0,0,0,0,0,1,0,0,2,0,0,0,0,0,0,4,8,8,0,0,0,0,Blue5
99,4698,0,0,1,0,0,0,0,0,2,0,0,0,0,0,0,0,0,0,1,2,2,0,0,0,0,Blue5
9,4698,0,0,0,0,0,0,0,1,0,0,0,0,0,0,0,0,0,0,0,0,0,0,0,0,0,Blue6
17,2141,0,0,0,0,0,0,0,0,2,0,0,1,0,0,0,0,0,0,2,64,64,0,0,0,0,Red1
79,2141,0,0,0,0,0,0,0,0,4,0,0,0,0,0,0,0,0,0,1,1,1,0,0,0,0,Red1
38,2141,0,0,1,0,1,0,0,0,3,0,0,8,0,0,0,0,0,0,64,4,4,0,0,0,0,Red2
57,2141,0,0,1,0,0,0,0,0,4,0,0,0,0,0,0,0,0,0,1,1,1,0,0,0,0,Red2
97,2141,0,0,0,0,0,0,0,1,1,0,0,0,0,0,0,1,0,0,0,0,0,0,0,0,0,Red2
7,2141,0,0,0,0,0,0,0,0,1,0,0,4,0,0,0,0,0,1,2,4,8,0,0,0,0,Blue4
22,2141,0,0,1,0,0,0,0,0,1,0,0,0,0,0,0,0,0,0,1,1,1,0,0,0,0,Blue4
47,2141,0,0,1,0,0,0,0,0,3,0,0,4,0,1,0,0,0,0,2,4,4,0,0,0,0,Blue5
65,2141,0,0,0,0,0,0,0,0,2,0,0,1,0,0,0,0,0,0,1,2,1,0,0,0,0,Blue5
89,2141,0,0,0,1,0,0,0,0,2,0,0,1,0,0,0,0,0,0,1,2,2,0,0,0,0,Blue5
49,2144,0,0,1,0,1,0,0,0,4,0,0,16,0,0,0,1,0,0,32,16,32,0,0,0,0,Red1
70,2144,0,0,1,0,1,0,0,0,1,0,0,128,0,1,1,2,0,0,128,1,32,0,0,0,0,Red1
13,2144,0,0,1,0,0,0,0,0,1,0,1,8,0,0,0,3,0,0,4,2,128,0,0,0,0,Red2
103,2144,0,0,1,1,0,0,0,0,3,0,2,64,0,0,0,1,0,0,32,16,64,0,0,0,0,Red2
6,2144,0,0,1,0,0,0,0,0,1,0,0,0,0,0,0,0,0,0,16,4,4,0,0,0,0,Red3
36,2144,0,0,1,0,0,0,0,0,3,0,0,64,0,0,2,3,0,0,32,32,64,0,0,0,0,Red3
89,2144,0,0,1,0,1,0,0,0,1,0,0,16,0,0,2,1,0,1,16,2,16,0,0,0,0,Red3
24,2144,0,1,0,0,0,0,1,0,3,0,0,1,0,0,0,0,1,0,16,4,4,0,0,1,0,Blue5
41,2144,0,0,1,0,0,0,0,0,1,0,0,32,0,0,1,0,0,0,2,4,4,0,0,0,0,Blue5
78,2144,0,0,0,0,0,0,0,0,3,0,0,4,0,0,1,0,0,1,8,32,32,0,0,0,0,Blue5
63,2144,0,0,1,0,0,0,0,0,1,0,0,2,0,1,2,0,0,0,4,4,8,0,0,0,0,Blue6
98,2144,0,0,1,0,0,0,0,0,1,0,0,4,0,1,0,1,0,0,64,16,16,0,0,0,0,Blue6
66,766,0,0,0,0,0,0,0,0,1,0,0,2,1,1,0,0,0,0,4,1,4,0,0,0,0,Red2
92,766,0,0,0,0,0,0,0,0,1,0,1,2,0,0,0,1,0,0,4,1,4,0,0,0,0,Red2
3,766,0,0,0,0,0,0,0,1,0,0,0,0,0,0,0,0,0,0,0,0,0,0,0,0,0,Red3
87,766,0,0,1,0,0,0,0,0,1,0,2,2,0,2,0,0,0,0,64,16,16,0,0,0,0,Red3
54,766,0,0,0,0,0,0,0,0,1,0,0,0,0,0,0,0,0,2,4,1,8,0,0,0,0,Blue5
81,766,0,0,0,0,0,0,0,0,1,0,0,2,0,1,2,0,0,0,2,4,8,0,0,0,0,Blue5
11,766,0,0,0,0,0,0,0,1,0,0,0,0,0,0,0,0,0,0,0,0,0,0,0,0,0,Blue6
36,766,0,0,0,0,0,0,0,0,3,0,0,16,0,3,0,0,0,0,64,32,16,0,0,0,0,Blue6
42,766,0,0,0,0,0,0,0,0,2,0,0,16,0,0,0,0,0,0,2,32,16,0,0,0,0,Blue6
68,3554,0,0,0,0,0,0,0,0,2,0,0,0,0,0,0,0,0,0,1,2,2,0,0,0,0,Red1
88,3554,0,0,1,0,0,0,0,0,2,0,0,1,0,0,0,0,0,0,1,1,4,0,0,0,0,Red1
48,3554,0,0,0,0,0,0,0,0,2,0,0,1,0,0,0,0,0,0,1,16,8,0,0,0,0,Red2
63,3554,0,0,1,0,0,0,0,0,2,0,0,1,0,0,0,0,0,0,1,1,8,0,0,0,0,Red3
75,3554,0,0,1,0,0,0,0,0,4,0,0,0,0,0,0,0,0,0,0,0,0,0,0,0,0,Blue4
12,3554,0,0,0,0,0,0,0,0,2,0,0,0,0,0,0,0,0,0,0,4,16,0,0,0,0,Blue5
43,3554,0,0,0,0,0,0,0,0,4,0,0,1,0,0,0,0,0,0,1,1,1,0,0,0,0,Blue5
2,3554,0,0,0,0,0,0,0,0,2,0,0,4,0,0,0,0,0,0,1,4,4,0,0,0,0,Blue6
22,3554,0,0,0,0,0,0,0,0,4,0,0,1,0,0,0,0,0,0,1,4,2,0,0,0,0,Blue6
94,3554,0,0,1,0,0,0,0,0,2,0,0,4,0,0,0,0,0,0,2,4,32,0,0,0,0,Blue6
11,100,0,0,1,0,0,0,0,1,1,0,0,16,0,0,0,0,1,2,16,1,8,0,0,0,0,Red2
20,100,0,0,1,0,0,0,0,0,1,0,0,16,0,0,0,0,0,0,32,64,64,0,0,0,0,Red2
73,100,1,0,1,0,0,0,0,0,2,0,0,0,0,0,0,0,0,0,0,64,32,1,0,0,0,Red2
104,100,0,0,1,0,0,0,0,0,2,0,0,0,0,0,0,0,0,0,4,128,64,0,0,1,0,Red2
38,100,0,0,0,0,0,0,0,1,1,0,0,0,0,0,0,0,0,0,0,0,0,0,0,0,0,Red3
6,100,0,0,0,0,0,0,0,0,2,0,0,0,0,0,0,0,0,0,0,64,0,0,0,0,0,Blue4
68,100,0,0,1,0,0,0,0,0,2,0,0,1,0,0,0,0,0,0,16,256,64,0,0,0,0,Blue4
84,100,0,0,1,0,0,0,0,0,1,0,0,0,0,0,0,0,0,0,0,256,64,1,0,0,0,Blue4
46,100,1,0,1,0,0,0,0,0,3,0,0,16,0,0,0,0,0,3,8,32,32,0,0,0,0,Blue6
55,100,0,0,1,1,0,0,0,0,3,0,2,4,0,2,0,0,0,1,2,64,16,0,0,0,0,Blue6
95,100,1,0,1,0,0,0,0,0,3,0,0,8,0,0,0,0,0,1,16,4,4,0,0,0,0,Blue6
60,4711,0,0,1,0,0,0,0,0,4,0,0,0,0,0,0,0,0,0,1,0,2,0,0,0,0,Red1
89,4711,1,0,1,0,0,0,0,0,2,0,0,0,0,0,0,0,0,0,0,8,16,0,0,0,0,Red1
76,4711,0,0,0,0,0,0,0,0,3,0,0,32,0,1,0,0,0,0,32,16,32,0,0,0,1,Red2
48,4711,0,0,1,0,0,0,0,0,1,0,0,32,0,0,0,0,0,0,4,1,4,0,0,0,0,Red3
71,4711,0,0,1,0,0,0,0,0,2,0,0,2,0,0,0,0,0,0,4,16,16,0,0,0,0,Red3
8,4711,0,0,0,0,0,0,0,0,1,0,0,4,0,1,0,0,0,1,1,2,4,0,0,0,0,Blue4
21,4711,0,0,0,0,0,0,0,1,0,0,0,0,0,0,0,0,0,0,0,0,0,0,0,0,0,Blue4
33,4711,0,0,0,0,0,0,0,0,4,0,0,0,0,0,0,0,0,0,1,1,1,0,0,0,0,Blue4
95,4711,0,0,1,0,0,0,0,0,4,0,0,1,0,0,0,0,0,0,1,2,2,0,0,0,0,Blue5
13,4711,0,0,1,0,0,0,0,0,3,0,0,4,0,0,0,0,0,0,2,4,4,0,0,0,0,Blue6
39,4711,0,0,0,0,0,0,0,1,1,0,0,0,0,0,0,0,0,0,0,0,0,0,0,0,0,Blue6
39,4711,0,0,0,0,0,0,0,1,4,0,0,0,0,0,0,0,0,0,0,0,0,0,0,0,0,Blue6
9,1388,1,0,1,0,0,0,0,0,3,0,0,2,0,1,0,0,0,0,4,64,8,0,0,0,0,Red1
46,1388,1,0,1,0,0,0,0,0,1,0,0,0,0,0,0,0,0,0,0,8,16,0,0,0,0,Red1
65,1388,0,0,1,0,1,0,0,0,3,0,2,16,0,2,0,0,0,1,8,4,16,0,0,0,0,Red1
17,1388,0,0,1,0,1,0,0,0,1,0,0,32,0,0,3,0,0,0,64,0,64,0,0,0,0,Red2
23,1388,0,0,1,0,1,0,0,0,1,0,0,32,0,0,1,2,0,0,64,32,32,0,0,0,0,Red3
28,1388,1,0,1,0,0,0,0,0,3,0,1,4,0,0,0,0,0,3,4,16,32,0,0,0,1,Red3
93,1388,0,0,1,0,0,0,0,0,2,0,0,0,0,0,0,0,0,0,1,8,16,0,0,0,0,Blue4
103,1388,0,0,1,0,0,0,0,0,3,0,0,4,0,0,0,0,0,1,2,16,8,0,0,0,0,Blue4
88,1388,0,0,1,0,0,0,0,0,0,0,0,16,0,0,0,0,0,0,2,8,16,0,0,0,0,Blue5
56,1388,1,0,1,0,0,0,0,0,1,0,0,2,0,0,1,0,1,2,1,1,4,0,0,0,0,Blue6
9,751,0,0,0,0,0,0,0,0,1,0,0,0,0,0,0,0,0,0,0,4,16,0,0,0,0,Red2
58,751,0,0,0,0,0,0,0,1,1,0,0,0,0,0,0,0,0,0,0,0,0,0,0,0,0,Red2
27,751,0,0,0,0,0,0,0,0,4,0,0,1,0,0,0,0,0,0,0,16,16,0,0,0,0,Red3
81,751,0,0,1,0,0,0,0,0,3,0,0,1,1,0,0,0,0,0,1,256,64,0,0,0,0,Red3
72,751,0,0,0,0,0,0,0,0,2,0,0,1,0,0,0,0,0,1,1,1,1,0,0,0,0,Blue5
72,751,0,0,1,0,0,0,0,0,1,0,0,4,0,0,0,0,0,0,2,4,8,0,0,0,0,Blue5
17,751,0,0,0,0,0,0,0,0,2,0,0,1,0,0,0,0,0,0,1,4,4,0,0,0,0,Blue6
45,751,0,0,1,0,0,0,0,0,2,0,0,1,0,0,0,0,0,0,1,16,16,0,0,0,0,Blue6
53,751,0,0,1,0,0,0,0,0,2,0,0,0,0,0,0,0,0,0,1,4,4,0,0,0,0,Blue6
89,751,0,0,1,0,0,0,0,0,2,0,0,1,0,0,0,0,0,0,1,16,4,0,0,0,0,Blue6
99,751,0,0,1,0,0,0,0,0,2,0,0,16,0,0,0,0,0,1,8,16,32,0,0,0,0,Blue6
42,114,1,0,1,0,0,0,0,0,3,0,0,32,0,0,0,1,0,3,128,16,64,0,0,0,1,Red1
58,114,0,0,1,0,0,0,0,0,4,0,0,8,0,6,0,0,0,0,16,0,16,0,0,0,0,Red1
69,114,0,0,1,0,1,0,0,0,3,0,0,128,0,2,1,0,0,2,256,8,128,0,0,0,0,Red1
78,114,0,0,1,0,0,0,0,0,3,0,0,16,0,0,0,0,0,4,16,16,8,0,0,0,0,Red2
101,114,0,0,1,0,0,0,0,0,1,0,0,32,1,1,0,0,0,2,64,16,32,0,0,0,0,Red2
1,114,1,0,1,0,0,0,0,0,3,0,0,128,1,1,0,0,0,3,128,16,128,0,0,0,0,Red3
13,114,1,0,1,0,0,0,0,0,3,0,0,0,0,0,0,0,1,0,4,8,32,0,0,0,0,Red3
1,114,0,0,0,0,0,0,0,1,1,0,0,0,0,0,0,0,0,0,0,0,0,0,0,0,0,Red3
91,114,0,0,1,0,0,0,0,0,3,0,0,8,0,0,0,0,0,0,2,1,16,0,0,0,0,Blue4
19,114,0,0,1,0,0,0,0,0,4,0,0,1,0,0,0,0,0,0,1,1,2,0,0,0,0,Blue6
47,114,0,0,1,0,0,0,0,0,3,0,0,8,0,0,0,0,0,1,4,32,32,0,0,0,0,Blue6
84,114,1,0,0,0,0,0,0,0,1,0,0,16,0,1,0,0,0,4,64,16,32,0,0,0,0,Blue6
5,115,0,0,0,0,0,0,0,0,2,0,0,1,0,0,0,0,0,0,1,4,4,0,0,0,0,Red1
24,115,0,0,0,0,0,0,0,0,4,0,0,4,0,0,0,0,0,0,4,4,16,0,0,0,0,Red3
37,115,1,0,1,0,0,0,0,0,3,0,0,16,0,1,0,0,0,0,64,8,32,0,0,0,1,Red3
60,115,0,0,1,0,0,0,0,0,4,0,0,1,0,0,0,0,0,0,0,0,0,0,0,0,0,Red3
84,115,0,0,0,1,0,0,0,0,2,0,0,1,0,0,0,0,0,0,2,2,2,0,0,0,0,Red3
99,115,0,0,1,0,2,0,0,0,1,0,2,2,0,2,0,1,0,0,64,1,64,0,0,0,0,Red3
68,115,1,0,1,0,0,0,0,0,1,0,1,32,0,0,0,0,0,2,16,4,16,0,0,0,0,Blue5
18,115,0,0,1,1,0,0,0,0,1,0,0,4,0,1,0,0,0,1,2,4,8,0,0,0,0,Blue6
54,115,1,0,1,0,0,0,0,0,1,0,0,1,0,1,0,0,0,0,1,1,1,0,0,0,0,Blue6
78,115,0,0,0,0,0,0,0,0,1,0,0,4,0,2,0,0,1,1,16,1,8,0,0,0,0,Blue6
15,3189,0,0,1,1,0,0,0,0,1,0,2,4,0,2,0,0,0,0,8,4,32,0,0,0,0,Red1
81,3189,0,0,1,0,1,0,0,0,1,0,0,2,0,0,0,0,0,1,2,2,8,0,0,0,0,Red1
24,3189,0,0,1,0,1,0,0,0,3,0,0,2,0,0,0,0,0,1,0,0,4,0,0,0,0,Red2
46,3189,1,0,1,0,0,0,0,0,1,0,0,0,0,0,0,0,0,0,0,0,0,0,0,0,0,Red2
33,3189,0,0,0,0,0,0,0,0,1,0,0,2,0,0,0,0,0,1,1,2,4,0,0,0,0,Red3
90,3189,0,0,0,0,0,0,0,0,2,0,0,8,0,1,0,0,0,1,8,4,4,0,0,0,0,Red3
102,3189,0,0,1,0,0,0,0,0,1,0,1,4,0,0,0,0,0,0,4,1,2,0,0,0,0,Red3
38,3189,0,0,0,0,0,0,0,0,0,0,0,0,0,0,0,0,0,0,0,0,0,0,0,0,0,Blue4
55,3189,1,0,0,0,0,0,0,0,1,0,0,0,0,0,0,0,0,2,8,4,16,0,0,0,0,Blue5
96,3189,0,0,1,0,0,0,0,0,2,0,0,1,0,0,0,0,0,0,1,4,8,0,0,0,0,Blue5
5,3189,0,1,0,0,0,0,0,0,1,0,0,4,0,0,1,1,0,1,2,1,4,0,0,0,0,Blue6
69,3189,1,0,1,0,0,0,0,0,2,0,2,0,0,0,0,0,0,0,2,8,32,0,0,0,0,Blue6
6,2551,0,0,0,0,0,0,0,0,3,0,0,64,0,0,0,0,0,0,8,64,32,0,0,0,0,Red1
34,2551,0,0,1,1,0,0,0,0,1,0,4,32,0,2,0,0,0,0,8,1,64,0,0,0,0,Red1
56,2551,0,0,1,1,0,0,0,0,3,1,0,16,0,0,1,0,0,0,32,32,64,0,0,0,0,Red1
26,2551,1,0,1,0,0,0,0,0,4,0,0,32,0,0,0,0,0,0,4,8,8,1,0,0,0,Red2
43,2551,0,0,1,0,1,0,0,0,1,0,2,16,0,0,0,0,0,1,2,1,8,0,0,0,0,Red3
13,2551,0,0,0,0,0,0,0,0,1,0,0,1,0,0,0,0,0,0,1,1,1,0,0,0,0,Blue4
72,2551,0,0,1,0,1,0,0,0,1,0,1,0,0,1,0,0,0,0,16,1,8,0,0,0,0,Blue4
51,2551,0,0,0,0,0,0,0,0,2,0,0,0,0,0,0,0,0,0,0,16,64,0,0,0,0,Blue5
81,2551,0,0,1,1,0,0,0,0,1,0,1,8,0,0,0,0,0,0,0,8,16,0,0,0,1,Blue6
93,2551,0,0,1,0,0,0,0,0,3,0,3,32,0,0,0,0,0,0,16,8,32,0,0,0,1,Blue6
38,2367,0,0,0,0,0,0,0,0,1,0,0,1,0,0,0,0,0,0,0,0,0,0,0,0,0,Red1
85,2367,0,0,1,0,0,0,0,0,4,0,0,0,0,0,0,0,0,0,0,0,0,0,0,0,0,Red1
32,2367,0,0,0,0,0,0,0,1,1,0,0,0,0,0,0,0,0,0,0,0,0,0,0,0,0,Red2
60,2367,0,0,1,0,0,0,0,0,2,0,0,0,0,0,0,0,0,0,0,0,0,0,0,0,0,Red2
67,2367,0,0,1,0,0,0,0,0,2,0,0,1,0,0,0,0,0,0,1,16,16,0,0,0,0,Red2
46,2367,0,0,1,0,0,0,0,0,2,0,0,0,0,0,0,0,0,0,1,256,32,0,0,0,0,Red3
77,2367,0,0,1,0,0,0,0,1,2,0,0,1,0,0,0,0,0,0,1,64,16,0,0,0,0,Red3
26,2367,0,0,1,0,0,0,0,0,1,0,0,1,0,0,0,0,0,0,1,8,2,0,0,0,0,Blue4
1,2367,0,0,1,0,0,0,0,0,4,0,0,1,0,0,0,0,0,0,0,0,0,0,0,0,0,Blue5
14,2367,0,0,0,0,0,0,0,0,2,0,0,0,0,0,0,0,0,0,0,4,16,0,0,0,0,Blue5
98,2367,0,0,1,0,0,0,0,0,2,0,0,0,0,0,0,0,0,0,1,16,8,0,0,0,0,Blue5
69,253,0,0,0,0,0,0,0,1,1,0,0,0,0,0,0,0,0,0,0,0,0,0,0,0,0,Red2
89,253,0,0,1,0,0,0,0,0,1,0,0,0,0,0,0,0,0,0,4,2,8,0,0,0,0,Red2
16,253,0,0,0,0,0,0,0,0,4,0,0,1,0,0,0,0,0,0,1,2,4,0,0,0,0,Red3
54,253,0,0,1,0,0,0,0,0,1,0,0,8,0,1,0,0,0,0,2,1,2,0,0,0,0,Red3
74,253,0,0,0,0,0,0,0,0,1,0,1,8,0,0,0,0,0,1,1,1,16,0,0,0,0,Red3
94,253,0,0,1,0,0,0,0,0,3,0,1,32,0,1,0,0,0,0,4,4,4,0,0,0,0,Red3
40,253,0,0,1,0,0,0,0,0,4,0,0,2,0,1,0,0,0,0,1,2,1,0,0,0,0,Blue4
101,253,0,0,0,0,0,0,0,0,3,0,0,0,1,1,0,0,0,0,1,8,8,0,0,0,0,Blue5
6,253,0,0,0,0,0,0,0,0,1,0,0,1,0,0,0,0,0,0,1,1,1,0,0,0,0,Blue6
27,253,0,0,0,0,0,0,0,0,2,0,0,0,0,0,0,0,0,0,1,4,4,0,0,0,0,Blue6
62,253,0,0,1,0,0,0,0,0,4,0,0,0,0,0,0,0,0,0,0,0,0,0,0,0,0,Blue6
63,1662,1,0,1,0,0,0,0,0,1,0,0,16,0,0,0,1,0,0,16,8,16,0,0,0,0,Red1
91,1662,0,0,1,0,1,0,0,0,1,0,1,4,0,0,1,3,0,1,4,1,32,0,0,0,0,Red1
72,1662,0,0,1,0,1,0,0,0,3,0,0,2,0,0,0,0,0,0,1,8,4,0,0,0,0,Red2
79,1662,0,0,1,1,0,0,0,0,1,0,3,8,1,2,0,0,0,0,4,8,128,0,0,0,0,Red3
100,1662,0,0,1,0,1,0,0,0,1,0,0,64,0,2,4,2,0,0,256,1,128,0,0,0,0,Red3
15,1662,0,0,1,0,0,0,0,0,1,0,0,1,1,0,0,0,0,0,1,1,1,0,0,0,0,Blue4
54,1662,0,0,1,1,0,0,0,0,4,0,0,0,0,0,0,0,0,0,0,0,0,0,0,0,0,Blue4
8,1662,0,0,0,0,0,0,0,1,1,0,0,0,0,0,0,0,0,0,0,0,0,0,0,0,0,Blue5
23,1662,1,0,0,0,0,0,0,0,1,0,0,128,0,2,0,0,0,0,128,1,256,0,0,0,0,Blue6
38,1662,0,0,0,0,0,0,0,1,4,0,0,0,0,0,0,0,0,0,0,0,0,0,0,0,0,Blue6
