matchnum,teamnum,Auto_Missed_High,Auto_Missed_Low,Auto_Mobility,Auto_High_Hot,Auto_High,Auto_Low_Hot,Auto_Low,Dead_Bot,Robot_Job,Catch,Truss,Possess_Number,Possession_Rating,3_Assist,2_Assist,Tele_High_Miss,Tele_High,Tele_Low_Miss,Tele_Low,Malfunction,Pickup_Rating,Defense_Rating,Driver_Rating,Tech_Fouls,Fouls,Goal_Defense,Human_Pass,ds
9,256,0,0,1,0,1,0,0,0,1,0,1,3,5,0,1,0,1,0,1,0,4,2,4,0,0,0,0,Red1
34,256,0,0,1,0,0,0,0,0,1,0,0,2,0,2,0,0,0,0,0,0,1,0,6,0,0,0,0,Red1
16,256,1,0,0,0,0,0,0,0,1,0,1,4,5,0,0,1,0,1,2,0,5,0,6,0,0,0,0,Red2
63,256,0,0,1,1,0,0,0,0,1,0,0,4,2,0,2,0,3,0,0,0,4,2,4,0,0,0,0,Red2
22,256,0,0,1,0,0,0,0,0,1,0,0,1,2,0,1,0,0,0,0,0,2,0,3,0,0,0,0,Red3
81,256,0,0,1,0,1,0,0,0,1,0,0,3,4,1,1,1,2,0,0,0,3,0,6,0,0,0,0,Red3
42,256,0,0,1,1,0,0,0,0,1,0,1,4,6,0,2,1,1,0,0,0,5,0,5,0,0,0,1,Blue4
69,256,1,0,1,0,0,0,0,0,1,0,0,0,0,0,0,0,0,0,1,0,4,0,3,0,0,0,0,Blue4
94,256,0,0,1,1,0,0,0,0,1,0,0,3,7,1,1,0,3,0,0,0,7,1,7,0,0,0,0,Blue4
100,256,0,0,1,0,1,0,0,0,3,0,0,3,5,0,1,0,2,0,0,0,6,6,6,0,0,0,0,Blue5
54,256,0,0,1,0,0,0,0,0,3,0,0,3,5,0,0,0,0,0,0,0,4,3,5,0,0,0,0,Blue6
28,1280,1,0,1,0,0,0,0,0,1,0,0,1,4,1,0,1,0,0,0,0,5,3,2,0,0,0,0,Red1
40,1280,1,0,1,0,0,0,0,0,1,0,0,3,3,0,1,0,0,0,0,0,3,2,4,0,0,0,0,Red1
72,1280,1,0,1,0,0,0,0,0,3,0,0,3,4,2,2,0,0,0,0,0,4,4,4,0,0,0,0,Red2
82,1280,1,0,1,0,0,0,0,0,1,0,1,3,3,0,0,2,0,1,3,0,2,1,2,0,0,0,0,Red2
5,1280,0,0,1,0,0,0,0,0,2,0,0,1,4,1,0,0,0,0,0,0,2,6,3,0,0,1,0,Red3
60,1280,1,0,1,0,0,0,0,0,2,0,0,0,0,0,0,0,0,0,0,0,0,2,5,0,0,0,0,Blue4
16,1280,1,0,1,0,0,0,0,0,1,0,0,3,5,0,2,0,0,0,2,1,4,0,2,0,0,0,0,Blue5
35,1280,0,0,1,1,0,0,0,0,1,0,0,4,5,0,3,0,3,0,0,0,4,2,5,0,0,0,0,Blue5
49,1280,1,0,1,0,0,0,0,0,3,0,0,1,3,0,0,0,1,0,0,0,2,3,5,0,0,0,0,Blue5
89,1280,0,0,1,1,0,0,0,0,3,0,2,3,6,0,2,0,0,0,0,0,6,2,5,0,0,0,0,Blue5
39,8,0,0,1,0,0,0,0,0,3,0,0,2,5,1,1,0,0,0,0,0,6,5,5,0,0,0,0,Red1
65,8,1,0,1,0,0,0,0,0,1,0,1,2,5,0,1,0,0,0,0,0,5,6,6,0,0,0,0,Red1
18,8,0,0,1,0,0,0,0,0,1,0,0,3,4,1,0,0,0,0,0,0,5,1,4,0,0,0,0,Red2
44,8,0,0,1,0,0,0,0,0,1,0,0,3,8,2,0,0,0,0,2,0,5,3,7,0,0,0,0,Red3
82,8,1,0,1,0,0,0,0,0,4,0,0,0,0,0,0,0,0,0,0,1,0,0,0,0,0,0,0,Red3
96,8,0,0,1,0,0,0,0,0,3,0,0,4,8,0,0,1,0,1,2,0,4,5,7,0,0,1,0,Red3
26,8,0,0,1,0,0,0,0,0,1,0,0,2,4,0,1,0,0,0,0,0,3,0,4,0,0,0,0,Blue4
51,8,0,0,0,0,1,0,0,0,1,0,0,3,3,0,0,0,0,0,0,0,0,5,4,0,0,0,0,Blue5
9,8,0,0,1,1,0,0,0,0,2,0,0,1,4,1,0,0,0,0,0,0,4,5,4,0,0,0,0,Blue6
74,8,0,0,1,0,1,0,0,0,1,0,0,1,7,0,0,0,0,0,0,0,8,5,7,0,0,0,0,Blue6
61,5311,0,0,1,0,0,0,0,0,1,0,0,1,4,0,1,0,0,0,0,0,3,0,5,0,0,0,0,Red1
14,5311,0,0,0,0,0,0,0,1,2,0,0,0,0,0,0,0,0,0,0,0,0,5,4,0,0,1,0,Red2
25,5311,0,0,1,0,0,0,0,0,1,0,0,1,4,0,0,1,0,0,0,0,3,0,2,0,0,0,0,Red2
4,5311,0,0,1,0,0,0,0,0,2,0,0,1,8,0,0,0,0,0,0,0,0,0,0,0,0,0,0,Red3
4,5311,1,0,1,0,0,0,0,0,1,0,0,0,0,0,0,0,0,0,0,0,0,0,0,1,0,0,0,Red3
45,5311,1,0,1,0,0,0,0,0,2,0,0,1,5,0,0,0,0,0,0,0,3,6,4,0,0,1,0,Red3
37,5311,1,0,0,0,0,0,0,0,1,0,0,1,2,0,0,0,0,0,0,1,3,0,2,0,0,0,0,Blue5
55,5311,1,0,1,0,0,0,0,0,1,0,2,3,3,0,0,0,0,0,0,0,1,3,3,0,0,0,0,Blue5
69,5311,0,0,1,0,0,0,0,0,4,0,0,0,0,0,0,0,0,0,0,1,0,0,0,0,0,0,0,Blue5
79,5311,0,0,1,0,0,0,0,0,4,0,0,0,1,0,0,0,0,0,0,1,0,0,0,0,0,0,0,Blue5
97,5311,0,0,0,0,0,0,0,1,2,0,0,0,0,0,0,0,0,0,0,0,0,5,5,0,0,0,0,Blue5
88,1678,0,0,1,1,1,0,0,0,3,0,4,5,6,0,1,0,0,0,0,0,6,5,6,0,0,0,0,Red1
40,1678,0,0,1,1,1,0,0,0,1,0,4,5,7,4,1,0,0,0,2,0,8,4,8,0,0,0,1,Red2
52,1678,0,0,1,1,1,0,0,0,3,0,3,2,7,2,1,0,0,0,0,0,7,4,8,0,0,0,0,Red2
71,1678,0,0,1,0,1,0,0,0,1,0,4,4,5,0,0,0,0,0,0,0,5,3,6,0,0,1,1,Red2
33,1678,0,0,1,0,1,0,0,0,1,1,2,4,8,0,1,3,1,0,1,0,6,0,6,0,0,0,0,Red3
14,1678,0,0,1,0,1,0,0,0,1,0,0,4,8,4,0,0,0,0,0,0,8,3,8,0,0,0,0,Blue5
28,1678,0,0,1,1,0,0,0,0,1,0,0,5,7,5,0,0,0,0,0,0,7,0,7,0,0,0,0,Blue5
78,1678,1,0,1,1,0,0,0,0,1,0,1,5,7,2,1,0,1,0,1,0,6,1,7,0,0,0,1,Blue5
8,1678,0,0,1,1,1,0,0,0,1,0,0,4,6,3,0,0,0,0,4,0,6,0,6,0,0,0,0,Blue6
65,1678,2,0,1,1,0,0,0,0,1,0,0,3,7,3,0,1,3,0,1,0,7,2,6,0,0,0,0,Blue6
45,3482,0,0,1,0,0,0,0,0,1,0,0,0,0,0,0,0,0,0,0,1,1,1,3,0,0,0,0,Red1
54,3482,0,0,1,0,0,0,0,0,1,0,0,2,6,0,0,0,0,0,1,0,3,1,3,0,0,0,0,Red1
82,3482,0,0,1,0,0,0,0,0,3,0,1,2,7,0,1,0,0,0,1,0,4,6,6,0,0,0,0,Red1
73,3482,0,0,0,0,0,0,0,1,1,0,0,0,0,0,0,0,0,0,0,1,0,0,0,0,0,0,0,Red3
93,3482,0,0,1,0,1,0,0,0,1,0,0,3,6,2,0,0,0,0,0,0,5,2,6,0,0,0,0,Red3
19,3482,0,0,0,0,0,0,0,0,2,0,0,2,4,0,0,0,0,0,0,1,3,3,4,0,0,0,0,Blue4
67,3482,0,0,1,0,0,0,0,0,1,0,0,0,0,0,0,0,0,0,0,0,2,0,1,0,0,0,0,Blue4
10,3482,0,0,0,0,0,0,0,0,1,0,0,1,3,0,0,0,0,0,0,1,4,0,2,0,0,0,0,Blue5
24,3482,0,0,0,0,0,0,0,1,4,0,0,0,0,0,0,0,0,0,0,0,0,0,0,0,0,0,0,Blue5
30,3482,0,0,0,0,0,0,0,1,1,0,0,0,0,0,0,0,0,0,0,0,0,0,0,0,0,0,0,Blue6
27,668,0,0,1,1,0,0,0,0,2,0,0,1,1,0,1,1,0,0,0,0,1,3,2,0,1,0,0,Red1
58,668,0,0,1,1,0,0,0,0,2,0,0,0,1,0,0,0,0,0,0,0,0,2,2,0,0,0,0,Red1
19,668,0,0,1,0,1,0,0,0,1,0,0,2,3,0,1,2,0,0,0,0,3,1,2,0,0,0,0,Red3
41,668,0,0,1,0,1,0,0,0,2,0,1,3,6,0,0,0,0,0,0,0,6,8,8,0,0,1,0,Red3
75,668,0,0,0,1,0,0,0,0,1,0,0,2,5,0,0,0,2,0,0,0,4,0,5,0,0,0,0,Blue4
84,668,0,0,1,0,1,0,0,0,3,0,0,2,7,2,0,2,1,0,1,0,6,4,6,0,0,0,0,Blue4
89,668,0,0,1,1,0,0,0,0,3,0,1,1,2,0,0,0,0,0,0,0,3,2,7,0,0,0,0,Blue4
6,668,0,0,1,1,0,0,0,0,3,0,0,2,6,0,0,1,1,0,0,0,6,4,5,0,0,0,0,Blue5
34,668,0,0,1,0,0,0,0,0,1,0,0,4,4,2,0,0,0,0,0,0,5,2,5,0,0,0,0,Blue5
67,668,0,0,1,1,0,0,0,0,3,0,0,4,5,2,0,1,1,0,0,0,2,3,6,0,0,0,0,Blue5
60,4765,0,0,1,0,1,0,0,0,4,0,0,0,0,0,0,0,0,0,0,0,0,1,1,0,0,0,0,Red1
95,4765,0,0,1,0,0,0,0,0,2,0,0,2,4,0,0,0,0,0,0,0,4,3,4,0,0,0,1,Red1
46,4765,0,0,1,0,0,0,0,0,2,0,0,0,0,0,0,0,0,0,0,0,0,3,2,0,0,0,0,Red2
55,4765,0,0,0,0,0,0,0,0,1,0,0,1,0,0,0,0,0,0,0,0,2,2,2,0,0,0,0,Red3
2,4765,1,0,1,0,0,0,0,0,1,0,0,2,5,0,2,0,0,0,0,0,5,6,5,0,0,1,0,Blue4
38,4765,0,0,1,0,0,0,0,0,4,0,0,0,0,0,0,0,0,0,0,0,0,0,0,0,0,0,0,Blue4
27,4765,0,0,1,0,0,0,0,0,4,0,0,0,1,0,0,0,0,0,0,0,2,4,3,0,0,0,0,Blue5
18,4765,0,0,1,0,0,0,1,0,4,0,0,0,0,0,0,0,0,0,0,0,0,0,1,0,0,0,0,Blue6
73,4765,0,0,1,0,0,0,0,0,1,0,0,0,1,0,1,0,0,0,0,1,0,0,0,0,0,0,0,Blue6
78,4765,0,0,1,0,1,0,0,0,1,0,0,2,6,2,0,0,0,0,2,0,4,1,5,0,0,0,0,Blue6
2,670,0,0,1,0,1,0,0,0,1,0,0,4,2,1,0,0,1,0,1,0,3,2,4,0,0,0,0,Red1
59,670,0,0,1,0,0,0,0,0,3,0,1,2,6,1,0,0,0,0,0,0,6,2,5,0,0,0,0,Red1
13,670,1,0,1,0,0,0,0,0,1,0,2,2,5,0,2,0,1,0,0,0,6,2,4,0,0,0,0,Red3
26,670,0,0,1,1,0,0,0,0,1,0,0,3,6,0,0,0,0,0,1,0,6,0,5,0,0,0,0,Red3
45,670,0,0,1,0,0,0,0,0,2,1,0,0,2,0,2,0,0,0,0,0,5,2,3,0,0,0,0,Blue4
31,670,0,0,1,0,1,0,0,0,1,0,1,4,5,3,1,0,0,0,0,0,5,2,4,0,0,0,0,Blue5
86,670,0,0,1,0,0,0,0,0,1,0,0,4,7,1,4,0,0,0,0,0,7,0,6,0,0,0,0,Blue5
94,670,0,0,1,0,1,0,0,0,3,0,1,2,6,1,0,0,0,0,0,0,6,6,5,0,0,0,0,Blue5
53,670,0,0,1,0,1,0,0,0,1,0,2,3,5,0,1,0,0,0,1,0,4,3,5,0,0,0,0,Blue6
75,670,0,0,1,0,0,0,0,0,1,0,1,1,0,0,1,0,0,0,0,0,7,1,4,0,0,0,0,Blue6
13,4255,0,0,0,0,0,0,0,1,1,0,0,0,0,0,0,0,0,0,0,0,0,0,0,0,0,0,0,Red1
70,4255,0,0,0,0,0,0,0,1,1,0,0,0,0,0,0,0,0,0,0,0,0,0,0,0,0,0,0,Red2
8,4255,0,0,0,0,0,0,0,1,0,0,0,0,0,0,0,0,0,0,0,0,0,0,0,0,0,0,0,Red3
36,4255,0,0,0,0,0,0,0,1,0,0,0,0,0,0,0,0,0,0,0,0,0,0,0,0,0,0,0,Red3
88,4255,0,0,1,0,0,0,0,0,1,0,0,2,3,2,0,0,0,0,0,0,0,0,0,0,0,0,0,Red3
55,4255,0,0,0,0,0,0,0,1,4,0,0,0,0,0,0,0,0,0,0,0,0,0,0,0,0,0,0,Blue4
82,4255,0,0,0,0,0,0,0,0,4,0,0,0,0,0,0,0,0,0,0,0,0,1,4,0,0,0,0,Blue4
20,4255,0,0,0,0,0,0,0,1,1,0,0,0,0,0,0,0,0,0,0,0,0,0,0,0,0,0,0,Blue5
61,4255,0,0,0,0,0,0,0,1,4,0,0,0,0,0,0,0,0,0,0,0,0,0,0,0,0,0,0,Blue5
98,4255,0,0,1,0,0,0,0,0,2,0,0,1,0,0,0,0,0,0,0,0,0,4,5,0,0,0,0,Blue5
42,4255,0,0,1,0,0,0,0,0,4,0,0,0,0,0,0,0,0,0,0,0,0,0,1,0,0,0,0,Blue6
11,5171,0,0,1,0,0,0,0,0,2,0,0,0,0,0,0,0,0,0,0,0,0,1,2,0,0,0,0,Red1
46,5171,0,0,1,0,0,0,0,0,1,0,0,3,3,0,0,0,2,0,1,0,1,1,6,0,0,0,0,Red1
35,5171,0,0,1,0,1,0,0,0,1,0,0,1,8,0,0,0,0,0,1,0,1,1,3,0,0,0,0,Red2
29,5171,0,0,1,0,0,0,0,0,3,0,0,0,1,1,0,0,0,0,0,0,0,4,3,0,0,0,0,Red3
54,5171,0,0,1,0,1,0,0,0,1,0,0,3,4,1,2,0,0,0,0,0,2,2,2,0,0,0,0,Blue4
81,5171,1,0,1,0,0,0,0,0,2,0,0,0,0,0,0,0,0,0,0,0,0,6,5,0,1,0,0,Blue4
95,5171,1,0,1,0,0,0,0,0,3,0,1,3,2,0,2,0,1,0,0,0,1,1,2,0,0,0,0,Blue4
6,5171,1,0,0,0,0,0,0,0,2,0,0,1,0,0,0,0,0,0,0,0,0,0,5,0,0,0,0,Blue6
61,5171,0,0,1,0,1,0,0,0,3,0,0,2,3,0,0,0,0,0,1,0,1,3,5,0,0,0,0,Blue6
71,5171,1,0,1,0,0,0,0,0,2,0,0,0,0,0,0,0,0,0,0,0,0,6,3,0,0,1,0,Blue6
12,5026,0,0,1,0,0,0,0,0,2,0,0,1,0,1,0,0,0,0,0,0,0,0,0,0,0,0,0,Red1
6,5026,0,0,0,0,0,0,0,0,2,0,0,0,0,0,0,0,0,0,0,0,0,2,3,0,0,0,0,Red2
24,5026,0,0,1,0,0,0,0,0,1,0,0,1,0,0,1,0,0,0,0,0,0,0,1,1,0,0,0,Red3
31,5026,0,0,1,0,0,0,0,0,2,0,0,0,0,0,0,0,0,0,0,0,0,2,1,0,0,0,0,Red3
66,5026,0,0,0,0,0,0,0,0,2,0,0,0,0,0,0,0,0,0,0,0,0,5,4,0,0,0,0,Blue4
74,5026,0,0,0,0,0,0,0,0,2,0,0,0,0,0,0,0,0,0,0,0,0,2,2,0,0,0,0,Blue4
42,5026,0,0,1,0,0,0,0,0,3,0,0,0,1,0,1,0,0,0,1,0,0,3,5,0,0,0,0,Blue5
87,5026,0,0,0,0,0,0,0,1,4,0,0,0,0,0,0,0,0,0,0,0,0,0,0,0,0,0,0,Blue5
56,5026,0,0,1,0,0,0,0,0,2,0,0,0,0,0,0,0,0,0,0,0,0,4,5,0,0,0,0,Blue6
95,5026,0,0,1,0,0,0,0,0,1,0,0,0,0,0,0,0,0,0,0,0,0,2,2,0,0,0,0,Blue6
19,5027,0,0,1,0,0,0,0,0,4,0,0,2,1,0,0,0,0,0,0,0,0,1,0,0,0,0,0,Red2
29,5027,0,0,1,1,1,0,0,0,1,0,2,4,8,0,2,1,2,0,0,0,7,0,6,0,0,0,0,Red2
42,5027,0,0,1,0,0,0,0,0,1,0,0,3,3,0,2,0,0,0,2,0,2,2,4,0,0,0,0,Red2
2,5027,0,0,1,0,0,0,0,0,2,0,0,2,1,1,0,0,1,0,0,0,1,1,1,0,0,0,0,Red3
53,5027,0,0,1,0,0,0,0,0,2,0,0,2,4,0,1,0,0,0,0,0,4,4,4,0,0,0,0,Red3
65,5027,0,0,1,0,0,0,0,0,2,0,0,0,0,0,0,0,0,0,0,0,0,2,4,0,0,0,0,Blue4
83,5027,0,0,1,0,1,0,0,0,1,0,0,2,7,0,1,0,0,0,0,0,7,2,7,0,0,0,0,Blue4
90,5027,0,0,1,0,0,0,0,0,1,0,0,3,4,1,1,0,0,0,2,0,7,1,7,0,0,0,0,Blue4
35,5027,0,0,1,0,1,0,0,0,1,0,0,2,2,0,2,0,0,0,1,0,2,2,3,0,0,0,0,Blue6
76,5027,0,0,1,0,0,0,0,0,1,0,0,0,1,0,0,0,0,0,0,0,1,6,5,0,0,0,0,Blue6
3,1700,0,0,1,0,1,0,0,0,1,0,0,1,5,0,1,1,1,0,0,0,5,4,4,0,0,0,0,Red1
37,1700,0,0,1,0,1,0,0,0,1,0,0,2,4,0,1,2,0,0,0,0,3,3,4,0,0,0,0,Red2
58,1700,0,0,0,0,0,0,0,0,3,0,0,1,0,0,0,0,0,0,0,1,3,1,5,0,0,0,0,Red2
100,1700,0,0,0,1,0,0,0,0,2,0,0,2,4,0,0,0,0,0,0,0,0,5,5,0,0,0,0,Red2
28,1700,0,0,1,0,0,0,0,0,1,0,1,2,6,1,0,0,0,0,0,0,7,0,5,0,0,0,0,Red3
46,1700,0,0,1,0,1,0,0,0,3,0,0,0,0,0,1,1,1,0,0,0,3,4,6,0,0,0,0,Red3
91,1700,0,0,1,0,1,0,0,0,1,0,0,3,7,3,0,0,0,0,0,0,7,4,6,0,0,0,0,Blue4
66,1700,0,0,1,1,0,0,0,0,1,0,1,2,5,0,3,0,0,0,0,0,4,2,6,0,0,0,0,Blue5
76,1700,0,0,1,1,0,0,0,0,1,0,1,2,2,2,0,0,0,0,0,0,4,5,4,0,0,0,0,Blue5
82,1700,1,0,1,0,0,0,0,0,1,0,1,2,0,0,1,1,1,0,0,0,6,0,4,0,0,0,0,Blue5
15,1700,0,0,1,0,1,0,0,0,1,0,1,2,0,1,1,0,0,0,0,0,5,0,2,0,0,0,0,Blue6
6,2854,0,0,0,0,0,0,0,0,1,0,0,2,3,0,1,0,0,0,0,0,3,4,3,0,0,0,0,Red1
21,2854,1,0,0,0,0,0,0,0,4,0,0,0,0,0,0,0,0,0,0,0,2,0,1,0,0,0,0,Red2
44,2854,1,0,1,0,0,0,0,0,1,0,0,4,2,4,1,0,0,0,0,0,0,4,3,0,0,0,0,Red2
37,2854,1,0,0,0,0,0,0,0,4,0,0,0,0,0,0,0,0,0,0,0,0,0,0,0,0,0,0,Red3
78,2854,0,0,1,0,0,0,0,0,1,0,0,0,2,0,0,0,0,0,0,0,3,0,2,0,0,1,0,Red3
70,2854,1,0,1,0,0,0,0,0,1,0,1,2,6,0,2,0,0,0,0,0,4,0,4,0,0,0,0,Blue4
12,2854,0,0,0,0,0,0,0,0,2,0,0,2,6,2,1,0,0,0,0,0,5,0,2,0,0,0,0,Blue5
50,2854,1,0,1,0,0,0,0,0,2,0,0,1,2,0,0,0,0,0,0,0,1,2,5,0,0,0,0,Blue5
63,2854,1,0,1,0,0,0,0,0,1,0,0,2,6,0,2,0,0,0,0,0,4,0,5,0,0,0,0,Blue5
90,2854,0,0,0,0,0,0,0,0,3,0,0,2,3,0,2,0,0,0,0,0,3,2,3,0,0,0,0,Blue5
44,295,0,0,1,0,0,0,0,0,1,0,0,3,3,1,0,0,0,0,1,0,6,1,4,0,0,0,0,Red1
77,295,0,0,1,0,0,0,0,0,3,0,0,1,0,0,1,0,0,0,1,0,2,2,4,0,0,0,0,Red1
68,295,0,0,1,0,0,0,0,0,1,0,0,3,0,0,1,0,0,0,2,0,3,1,2,0,0,0,0,Red2
86,295,0,0,1,0,0,0,0,0,1,0,0,0,0,0,0,0,0,0,0,1,0,0,2,0,0,0,0,Red2
25,295,0,0,1,0,0,0,0,0,1,0,0,2,5,0,1,0,0,0,3,0,6,0,6,0,0,0,0,Red3
36,295,0,0,1,0,0,0,0,0,1,0,0,0,4,0,3,0,0,0,0,0,4,0,3,0,0,0,0,Blue4
52,295,0,0,1,1,0,0,0,0,1,0,0,3,2,0,3,0,0,0,0,0,2,1,2,0,0,0,0,Blue4
100,295,0,0,1,0,0,0,0,0,2,0,0,3,4,0,0,0,0,0,1,0,4,5,4,0,0,0,0,Blue4
1,295,0,0,1,0,0,0,0,0,3,0,0,1,3,1,0,0,0,0,0,0,4,3,5,0,0,0,0,Blue5
19,295,0,0,0,0,0,0,0,0,1,0,0,2,1,0,2,0,0,0,0,0,1,0,2,0,0,0,0,Blue5
95,295,0,0,0,0,0,0,0,0,3,0,0,2,3,0,1,0,0,0,1,0,3,0,3,0,0,0,0,Blue5
69,4904,0,0,1,0,0,0,0,0,2,0,0,0,0,0,0,0,0,0,0,0,0,1,1,0,0,0,0,Red1
34,4904,0,0,1,0,0,0,0,0,2,0,0,1,1,0,0,0,0,0,0,0,0,1,4,0,0,0,0,Red2
78,4904,0,0,1,0,0,0,0,0,2,0,0,1,1,0,0,0,0,0,0,0,0,2,5,0,0,0,0,Red2
64,4904,0,0,0,0,0,0,0,0,2,0,0,2,0,0,2,0,0,0,0,0,0,2,3,0,0,0,0,Red3
90,4904,0,0,1,0,0,0,0,0,4,0,0,1,2,0,1,0,0,0,0,0,0,3,0,0,0,0,0,Red3
13,4904,0,0,0,0,0,0,0,0,3,0,0,1,1,0,0,0,0,0,0,1,1,2,3,0,0,0,0,Blue4
23,4904,0,0,1,0,0,0,0,0,3,0,0,2,4,1,1,0,0,0,0,0,4,3,3,0,0,0,0,Blue4
3,4904,0,0,0,0,0,0,0,1,1,0,0,0,0,0,0,0,0,0,0,0,0,0,0,0,0,0,0,Blue5
57,4904,0,0,1,0,0,0,0,0,3,0,0,3,4,2,0,0,0,0,0,0,6,6,5,0,0,0,0,Blue5
43,4904,0,0,1,0,0,0,0,0,2,0,0,0,0,0,0,0,0,0,0,0,0,3,4,0,0,0,0,Blue6
3,2473,0,0,1,0,1,0,0,0,1,0,2,3,4,0,2,0,0,0,0,0,5,0,4,0,0,0,0,Red2
11,2473,0,0,1,0,1,0,0,0,1,0,3,3,4,0,3,0,0,0,0,0,4,5,4,0,0,0,0,Red2
27,2473,1,0,1,0,0,0,0,0,1,0,0,2,0,1,0,0,0,0,2,0,2,4,5,0,0,0,0,Red2
48,2473,0,0,1,0,1,0,0,0,1,0,1,3,6,0,1,0,0,0,3,0,4,0,6,0,0,0,0,Red3
69,2473,0,0,0,0,0,0,0,0,0,0,0,0,0,0,0,0,0,0,0,0,0,0,0,0,0,0,0,Red3
53,2473,0,0,1,0,1,0,0,0,1,0,0,5,5,0,4,1,2,0,1,0,3,1,5,0,0,0,0,Blue4
37,2473,0,0,1,0,1,0,0,0,1,0,1,3,6,0,0,1,0,0,1,0,6,1,5,0,0,0,0,Blue6
62,2473,0,0,1,0,0,0,0,0,3,0,0,2,3,0,0,0,0,0,1,0,3,4,6,0,0,0,0,Blue6
83,2473,0,0,1,0,1,0,0,0,2,0,0,1,4,0,1,0,1,0,0,0,5,6,5,0,0,0,0,Blue6
96,2473,0,0,1,0,1,0,0,0,1,0,0,2,3,0,0,0,0,0,0,0,3,3,4,0,0,0,0,Blue6
23,1323,2,0,0,0,0,0,0,0,1,0,1,4,0,0,1,1,2,0,0,0,5,2,4,0,0,0,0,Red1
37,1323,0,0,1,0,0,0,0,0,1,0,1,5,7,0,0,1,1,0,1,0,7,3,7,0,0,0,0,Red1
47,1323,0,0,1,0,0,0,0,0,1,0,3,4,8,1,1,0,0,0,0,0,8,2,8,0,0,0,0,Red3
56,1323,1,0,1,0,1,0,0,0,1,0,0,4,6,2,0,0,2,0,2,0,6,3,7,0,0,0,0,Red3
84,1323,0,0,1,2,0,0,0,0,1,0,0,2,6,0,1,4,1,0,1,0,7,0,7,0,0,0,0,Red3
92,1323,0,0,0,0,0,0,0,0,1,0,0,4,7,3,1,0,0,0,0,0,7,6,7,0,0,0,0,Blue4
65,1323,0,0,0,0,0,0,0,0,1,0,3,3,6,3,0,0,0,0,1,0,6,2,7,0,0,0,0,Blue5
5,1323,2,0,1,0,0,0,0,0,1,0,0,6,7,1,0,3,1,0,2,0,6,2,7,0,0,0,0,Blue6
10,1323,1,0,1,0,0,0,0,0,1,0,5,6,6,1,4,0,1,0,0,0,5,2,5,0,0,0,1,Blue6
77,1323,1,0,1,1,0,0,0,0,1,0,0,3,6,0,1,0,3,0,0,0,7,0,6,0,0,0,0,Blue6
98,1323,0,0,1,0,2,0,0,0,1,0,0,2,6,2,0,0,3,0,0,0,5,0,7,0,0,0,0,Blue6
30,1967,0,0,1,0,1,0,0,0,3,0,2,2,1,0,1,0,0,0,0,0,3,4,2,0,0,0,0,Red1
51,1967,0,0,1,0,0,0,0,0,1,0,2,1,6,0,2,0,0,0,0,0,6,3,6,0,0,0,0,Red1
60,1967,0,0,1,0,1,0,0,0,1,0,0,2,5,0,1,0,1,0,0,1,3,0,4,0,0,0,0,Red2
85,1967,0,0,0,0,0,0,0,0,1,0,0,0,0,0,0,0,0,0,0,0,0,0,0,0,0,0,0,Red2
94,1967,0,0,1,0,1,0,0,0,1,0,1,2,5,0,1,0,0,0,0,0,5,2,6,0,0,0,0,Red2
39,1967,0,0,1,0,1,0,0,0,1,0,0,2,4,1,1,1,0,0,0,0,3,0,4,0,0,0,0,Red3
12,1967,0,0,1,1,0,0,0,0,1,0,3,2,4,3,0,0,0,0,0,0,4,2,5,0,0,0,1,Blue4
25,1967,0,0,1,1,0,0,0,0,3,0,3,2,5,0,2,0,0,0,0,0,4,3,5,0,0,1,0,Blue4
71,1967,0,0,1,0,1,0,0,0,2,0,0,0,0,0,0,0,0,0,0,0,2,6,4,0,0,0,0,Blue5
3,1967,1,0,1,0,0,0,0,0,3,0,1,2,5,0,1,0,0,0,0,0,3,4,2,0,0,0,0,Blue6
49,1072,0,0,1,0,0,0,1,0,1,0,1,1,6,0,0,0,0,0,0,0,4,1,3,0,0,0,0,Red1
94,1072,0,0,1,0,0,0,1,0,1,0,0,3,4,0,1,0,0,0,2,0,4,4,4,0,0,0,0,Red1
65,1072,0,0,1,0,0,0,1,0,1,0,0,2,3,0,2,0,0,0,2,0,2,3,5,0,0,0,0,Red2
38,1072,0,1,1,0,0,0,0,0,1,0,0,0,0,0,0,0,0,0,1,0,0,0,0,0,0,0,0,Red3
100,1072,0,0,1,0,0,0,1,0,2,0,0,2,7,0,1,0,0,0,0,0,5,3,2,0,0,0,0,Red3
7,1072,0,0,0,0,0,0,0,1,1,0,0,2,5,0,1,0,0,0,1,1,5,0,4,1,0,0,0,Blue4
58,1072,0,0,1,0,0,0,1,0,2,0,0,1,0,0,0,0,0,0,1,0,4,3,3,0,0,0,0,Blue4
22,1072,0,0,1,0,0,0,1,0,1,0,0,1,0,2,0,0,0,0,0,0,2,0,2,0,0,0,0,Blue5
70,1072,0,0,1,0,1,0,0,0,1,0,0,0,4,0,0,0,0,0,1,0,0,0,5,0,0,0,0,Blue5
17,1072,0,1,1,0,0,0,0,0,1,0,1,4,6,0,1,0,0,0,1,0,2,0,2,0,0,0,0,Blue6
80,1072,0,0,0,0,0,0,1,0,1,0,0,0,0,0,0,0,0,0,0,1,0,0,0,0,0,0,0,Blue6
18,2035,1,0,1,0,0,0,0,0,3,0,0,4,6,1,1,1,0,0,1,0,8,7,6,0,0,0,0,Red1
66,2035,0,0,1,0,0,0,0,0,1,0,0,2,7,1,1,0,0,0,2,0,7,1,6,0,0,0,0,Red1
81,2035,0,0,1,1,0,0,0,0,3,0,0,3,7,0,1,0,0,0,1,0,7,6,7,0,0,0,0,Red1
41,2035,1,0,1,0,0,0,0,0,1,0,1,0,0,0,0,0,1,0,0,0,0,0,0,0,0,0,0,Red2
7,2035,0,0,1,0,0,0,0,0,1,0,0,3,7,2,1,0,0,0,1,0,8,2,8,0,0,0,0,Red3
72,2035,0,0,1,0,1,0,0,0,1,0,0,4,5,3,0,0,0,0,0,0,6,3,6,0,0,0,0,Blue4
33,2035,1,0,1,0,0,0,0,0,1,0,3,3,5,1,1,0,0,0,1,0,5,4,6,0,0,0,1,Blue5
25,2035,0,0,0,0,1,0,0,0,1,0,0,0,0,0,0,2,1,0,1,0,1,2,3,0,0,0,0,Blue6
57,2035,0,0,1,0,1,0,0,0,3,0,0,2,5,1,1,0,0,0,2,0,3,3,5,0,0,0,0,Blue6
90,2035,0,0,0,1,0,0,0,0,1,0,2,3,0,0,0,0,0,0,0,0,3,0,5,0,0,0,0,Blue6
90,692,1,0,1,0,0,0,0,0,1,0,0,3,4,0,0,0,0,1,3,0,5,3,5,0,0,0,1,Red1
59,692,0,0,1,0,0,0,0,0,2,0,0,1,2,0,0,0,0,0,0,0,2,2,2,0,0,0,0,Red2
1,692,1,0,1,0,0,0,0,0,1,0,1,2,5,0,1,0,0,0,1,0,4,1,2,0,0,0,0,Red3
77,692,0,0,0,0,0,0,0,0,1,0,0,3,3,0,1,0,0,0,0,0,2,1,2,0,0,0,0,Red3
85,692,0,0,1,0,0,0,0,0,1,0,0,3,4,0,4,0,0,0,0,0,2,3,6,0,0,0,0,Red3
97,692,0,0,1,0,0,0,0,0,2,0,0,1,4,1,0,0,0,0,0,0,1,3,5,0,0,1,0,Red3
15,692,1,0,1,0,0,0,0,0,2,0,0,0,0,0,0,0,0,0,0,1,3,3,4,0,0,0,0,Blue4
35,692,1,0,1,0,0,0,0,0,2,0,0,0,0,0,0,0,0,0,0,0,1,6,6,0,0,0,0,Blue4
40,692,1,0,1,0,0,0,0,0,2,0,0,0,0,0,0,0,0,0,0,0,0,4,4,0,0,0,0,Blue4
20,692,0,0,1,0,0,0,0,0,1,0,0,2,4,0,0,0,0,0,0,0,4,4,3,0,0,0,0,Blue6
51,692,0,0,1,0,0,0,0,0,3,0,0,2,0,0,2,0,0,0,2,0,4,3,5,0,0,0,0,Blue6
19,3256,0,0,1,1,0,0,0,0,1,0,2,2,5,0,1,0,0,0,0,0,2,1,4,0,0,0,0,Red1
80,3256,1,0,1,0,0,0,0,0,3,0,0,1,6,0,0,0,0,0,1,0,1,7,7,0,0,0,0,Red1
32,3256,1,0,1,0,0,0,0,0,1,0,0,3,5,0,1,0,2,0,1,0,3,4,6,0,0,0,0,Red2
50,3256,1,0,1,0,0,0,0,0,3,0,0,2,5,1,0,0,2,0,0,0,5,8,8,0,0,0,0,Red3
59,3256,0,0,1,0,0,0,0,0,1,0,0,2,6,2,0,1,0,0,2,0,8,5,6,0,0,0,0,Red3
27,3256,0,0,1,0,1,0,0,0,1,0,0,3,5,0,3,0,2,0,1,0,5,3,5,0,0,0,0,Blue4
98,3256,0,0,1,1,0,0,0,0,1,0,2,1,7,2,0,0,0,0,0,0,6,0,7,0,0,0,0,Blue4
4,3256,0,0,1,0,1,0,0,0,3,0,0,5,6,0,0,1,2,0,1,0,7,2,6,0,0,0,0,Blue5
43,3256,0,0,1,0,1,0,0,0,3,0,0,2,3,1,2,0,3,0,0,0,4,4,6,0,0,0,0,Blue5
91,3256,0,0,1,0,0,0,0,0,1,0,0,3,5,0,3,0,0,0,3,0,4,0,5,0,0,0,0,Blue5
55,2489,0,0,1,0,0,0,0,0,3,0,0,1,3,0,1,0,0,0,1,0,2,3,3,0,0,0,0,Red1
67,2489,1,0,1,0,0,0,0,0,3,0,0,1,6,0,1,0,0,0,1,0,4,6,6,0,0,0,0,Red1
1,2489,1,0,0,0,0,0,0,0,1,0,0,3,0,0,1,0,1,0,2,0,4,1,2,0,0,0,0,Red2
18,2489,0,0,1,0,0,0,0,0,1,0,2,4,3,3,1,0,1,0,0,0,4,3,4,0,0,0,0,Red3
40,2489,0,0,1,0,0,0,0,0,1,0,3,4,8,3,1,0,0,0,1,0,8,2,8,0,0,0,1,Red3
30,2489,0,0,1,0,0,0,0,0,3,0,1,2,4,0,0,0,0,0,0,0,3,3,5,0,0,0,0,Blue4
75,2489,0,0,1,0,0,0,0,0,1,0,0,4,7,0,1,0,0,0,0,0,6,5,5,0,0,0,0,Blue5
23,2489,0,0,1,0,1,0,0,0,1,0,1,4,4,2,2,0,0,0,0,0,4,0,5,0,0,0,0,Blue6
81,2489,0,0,1,0,1,0,0,0,3,0,0,3,6,0,2,0,0,0,2,0,6,6,5,0,0,0,0,Blue6
91,2489,0,0,0,1,1,0,1,0,2,0,0,0,0,0,0,0,0,0,0,0,0,2,2,0,0,0,0,Blue6
24,5023,0,0,1,0,0,0,0,0,1,0,0,3,1,0,0,0,0,0,0,0,3,2,2,0,1,0,0,Red1
52,5023,0,0,1,0,0,0,0,0,1,0,0,1,2,1,0,0,0,0,0,0,1,1,3,0,0,0,0,Red1
62,5023,0,0,0,0,0,0,0,0,1,0,0,0,3,0,0,0,0,0,0,0,2,2,3,0,0,0,0,Red3
75,5023,0,0,0,0,0,0,0,0,2,0,0,3,0,0,0,0,0,0,0,0,2,5,6,0,0,0,0,Red3
37,5023,0,0,0,0,0,0,0,0,1,0,0,0,0,0,0,0,0,0,0,0,0,3,0,0,0,0,0,Blue4
47,5023,0,0,0,0,0,0,0,0,2,0,0,1,0,0,0,0,0,0,0,0,2,5,6,0,0,0,0,Blue4
80,5023,0,0,1,0,0,0,0,0,2,0,0,0,0,0,0,0,0,0,0,0,0,7,6,0,0,0,0,Blue4
88,5023,0,0,1,0,0,0,0,0,2,0,0,0,0,0,0,0,0,0,0,0,0,8,7,0,0,0,0,Blue5
4,5023,0,0,1,0,0,0,0,0,2,0,0,0,0,0,0,0,0,0,0,0,0,7,3,0,0,0,0,Blue6
16,5023,0,0,1,0,0,0,0,0,2,0,0,0,0,0,0,0,0,0,0,0,0,8,6,0,0,0,0,Blue6
1,4543,1,0,1,0,0,0,0,0,2,0,0,0,4,0,0,0,0,0,0,0,3,2,4,0,0,0,0,Red1
83,4543,0,1,1,0,0,0,0,0,1,0,0,3,6,3,2,0,0,0,0,0,6,5,6,0,0,0,0,Red1
64,4543,1,0,1,0,0,0,0,0,3,0,0,2,3,0,0,0,0,0,0,1,3,3,5,1,0,0,0,Red2
73,4543,0,0,1,0,0,0,0,0,1,0,0,2,1,0,1,0,0,0,0,0,1,2,3,0,0,0,0,Red2
12,4543,0,0,1,1,0,0,0,0,1,0,3,3,6,2,0,0,0,0,1,0,6,4,6,0,0,0,0,Red3
58,4543,0,0,1,0,1,0,0,0,1,0,1,3,2,0,2,0,1,0,1,0,3,0,7,0,0,0,0,Red3
31,4543,0,0,1,0,1,0,0,0,1,0,0,0,0,0,3,1,3,0,0,0,6,0,6,0,0,0,0,Blue4
99,4543,0,0,1,0,1,0,0,0,4,0,0,0,0,0,0,0,0,0,0,1,4,0,0,0,0,0,0,Blue5
26,4543,0,0,0,0,1,0,0,0,1,0,0,0,2,1,0,0,2,0,0,0,4,3,3,0,0,0,0,Blue6
41,4543,0,0,1,0,0,0,0,0,1,0,0,3,5,0,1,1,1,0,2,0,3,0,4,0,0,0,0,Blue6
88,4543,0,0,1,0,1,0,0,0,1,0,0,4,0,0,0,0,4,0,0,0,4,0,6,0,0,0,0,Blue6
92,192,0,0,1,0,1,0,0,0,3,0,0,4,5,0,2,0,2,0,1,0,6,4,6,0,0,0,0,Red1
22,192,0,0,1,1,1,0,0,0,3,0,1,3,5,0,2,0,0,0,2,0,3,4,5,0,0,0,1,Red2
67,192,1,0,1,0,1,0,0,0,1,0,1,6,8,0,2,0,4,0,0,0,8,2,8,0,0,0,0,Red2
87,192,0,0,1,1,0,0,0,0,1,0,0,3,6,3,0,0,0,0,0,0,5,0,6,0,0,0,0,Red2
48,192,1,0,1,0,1,0,0,0,1,0,2,5,7,2,0,1,2,0,1,0,7,4,7,0,0,0,0,Blue4
2,192,1,0,1,0,0,0,0,0,3,0,0,4,5,0,1,1,2,0,0,0,4,3,6,0,0,0,0,Blue5
12,192,1,0,1,0,1,0,0,0,1,0,0,3,7,2,0,1,2,0,1,0,7,0,6,0,0,0,0,Blue6
32,192,0,0,1,0,1,0,0,0,1,0,1,3,4,0,2,1,2,0,1,0,6,1,6,0,0,0,0,Blue6
55,192,0,0,1,1,1,0,0,0,3,0,0,3,6,0,2,0,3,0,0,0,6,4,7,0,0,0,0,Blue6
72,192,0,0,1,1,1,0,0,0,1,0,0,0,7,1,3,0,3,0,1,0,7,6,7,0,0,0,0,Blue6
99,192,0,0,1,0,1,0,0,0,1,0,0,3,0,0,2,2,2,0,0,0,4,3,6,0,0,1,0,Blue6
47,971,0,0,1,1,1,0,0,0,3,0,0,4,8,3,0,1,3,0,0,0,8,5,8,0,0,0,0,Red1
38,971,0,0,1,0,1,0,0,0,1,0,3,6,6,3,2,0,4,0,0,0,7,5,6,0,0,0,0,Red2
74,971,0,0,1,1,0,0,0,0,2,0,0,2,0,0,0,0,0,0,0,0,6,6,7,0,0,0,0,Red2
83,971,0,0,1,1,0,0,0,0,1,0,0,4,5,4,0,2,4,0,1,0,7,0,7,0,0,0,0,Red2
89,971,0,0,1,1,1,0,0,0,1,0,0,5,8,2,1,3,2,1,1,0,6,0,8,0,0,0,0,Red2
9,971,0,0,1,1,1,0,0,0,1,1,2,4,7,0,1,1,3,0,0,0,5,0,7,0,0,0,1,Blue4
14,971,1,0,1,1,0,0,0,0,1,0,0,2,7,4,0,0,3,0,2,0,8,4,7,0,0,0,0,Blue4
23,971,0,0,1,1,1,0,0,0,1,0,0,4,7,1,1,0,2,0,0,0,7,3,8,0,0,0,0,Blue5
54,971,0,0,1,0,2,0,0,0,1,0,0,5,6,3,1,0,4,0,0,0,7,6,7,0,0,0,0,Blue5
59,971,0,0,1,1,1,0,0,0,1,0,0,4,3,2,1,4,3,0,0,0,4,2,4,0,0,0,0,Blue6
10,581,0,0,0,0,0,0,0,1,4,0,0,0,0,0,0,0,0,0,0,1,0,0,0,0,0,0,0,Red1
48,581,1,0,1,0,0,0,0,0,1,0,0,2,4,0,1,0,0,0,0,0,1,1,4,0,0,0,0,Red1
53,581,1,0,1,0,0,0,0,0,1,0,0,3,2,0,1,0,2,0,0,0,2,2,3,0,0,0,0,Red1
36,581,1,0,1,0,0,0,0,0,3,0,0,2,2,0,0,0,0,0,0,1,0,4,3,0,0,0,0,Red2
101,581,0,0,1,0,0,0,0,0,2,0,0,0,0,0,0,0,0,0,0,0,0,5,3,0,0,0,0,Red2
15,581,0,0,0,0,0,0,0,1,0,0,0,0,0,0,0,0,0,0,0,0,0,0,0,0,0,0,0,Red3
88,581,0,0,1,0,1,0,0,0,3,0,3,3,6,0,3,0,0,0,0,0,5,3,6,0,0,0,0,Blue4
74,581,0,0,1,0,0,0,0,0,1,0,0,2,0,1,0,1,0,0,0,0,3,5,4,0,0,0,0,Blue5
81,581,0,0,1,0,1,0,0,0,1,0,0,2,2,2,2,0,0,0,2,0,3,0,3,0,0,0,0,Blue5
21,581,1,0,1,0,0,0,0,0,1,0,0,2,1,0,1,2,0,0,0,0,3,1,2,0,0,0,0,Blue6
60,581,0,0,1,0,0,0,0,0,2,0,0,2,3,0,0,0,0,0,0,0,2,2,5,0,0,0,0,Blue6
17,1351,1,0,1,0,0,0,0,0,1,0,0,2,7,2,1,0,0,0,0,0,7,2,6,0,0,0,0,Red1
10,1351,1,0,0,0,0,0,0,0,1,0,0,0,1,0,0,0,0,0,0,0,1,1,1,0,0,0,0,Red2
95,1351,0,0,1,0,1,0,0,0,1,0,3,4,5,0,0,1,1,0,2,0,5,0,6,0,0,0,0,Red2
23,1351,1,0,1,0,0,0,0,0,3,0,0,3,7,1,0,0,0,0,1,0,7,3,4,0,0,0,0,Red3
76,1351,0,0,1,1,0,0,0,0,1,0,0,1,2,0,0,0,0,0,0,0,3,2,4,0,0,1,0,Red3
32,1351,0,0,1,0,1,0,0,0,1,0,1,1,5,2,0,0,0,0,0,0,4,0,6,0,0,0,0,Blue4
62,1351,0,0,1,0,0,0,0,0,1,0,0,2,0,0,0,0,0,0,1,0,5,0,3,0,0,0,0,Blue4
41,1351,0,0,1,1,0,0,0,0,1,0,2,2,5,0,1,0,0,0,0,1,4,3,4,0,0,0,0,Blue5
87,1351,0,0,1,1,0,0,0,0,1,0,0,1,5,0,0,0,0,0,0,0,3,0,6,0,0,0,0,Blue6
38,840,0,0,1,0,0,0,0,0,1,0,0,2,6,2,0,0,0,0,0,0,5,1,7,0,0,0,0,Red1
87,840,0,0,1,1,0,0,0,0,1,0,0,2,3,0,4,0,0,0,0,0,4,2,4,0,0,0,0,Red1
15,840,0,0,1,0,0,0,1,0,1,0,1,2,5,0,0,0,0,0,2,0,3,6,6,0,0,0,0,Red2
75,840,0,0,1,0,0,0,0,0,1,0,0,3,3,0,1,0,0,1,1,0,4,2,3,0,0,0,0,Red2
97,840,0,0,1,0,0,0,0,0,1,0,0,0,0,0,0,0,0,0,0,0,3,2,3,0,0,0,0,Red2
8,840,0,0,1,0,0,0,0,0,1,0,0,5,6,3,1,0,0,0,0,0,4,0,6,0,0,0,0,Blue4
29,840,1,0,1,0,0,0,0,0,3,0,1,3,4,2,1,0,0,0,0,0,4,3,4,0,0,0,0,Blue4
56,840,0,1,1,0,0,0,0,0,1,0,0,2,5,0,0,0,0,0,1,0,6,1,4,0,0,0,0,Blue4
44,840,0,0,1,0,0,0,0,0,1,0,0,2,4,1,0,0,0,0,2,0,4,3,4,0,0,0,0,Blue5
64,840,0,0,1,0,0,0,0,0,1,0,1,2,5,0,1,0,0,0,0,0,3,2,5,0,0,0,0,Blue5
100,841,0,0,1,1,0,0,0,0,3,0,0,3,5,0,0,1,0,0,2,0,6,4,5,0,0,0,0,Red1
33,841,0,0,1,0,0,0,0,0,1,0,0,0,5,0,0,0,0,0,1,0,4,2,4,0,0,0,0,Red2
92,841,0,0,1,0,1,0,0,0,1,0,0,4,5,2,0,0,0,0,0,0,1,0,4,0,0,0,0,Red2
60,841,0,0,1,0,1,0,0,0,1,0,0,2,5,0,0,0,0,0,0,0,5,0,3,0,0,0,0,Red3
70,841,0,0,1,0,0,0,0,0,1,0,0,2,4,0,1,0,0,0,0,0,5,2,5,0,0,0,0,Red3
4,841,1,0,1,0,0,0,0,0,2,0,0,0,3,0,0,0,0,0,0,0,1,5,4,0,0,0,0,Blue4
46,841,1,0,1,0,0,0,0,0,1,0,1,3,5,0,1,0,1,0,1,0,3,2,5,0,0,0,0,Blue5
83,841,1,0,1,0,0,0,0,0,1,0,1,3,6,0,0,0,1,0,1,0,6,5,6,0,0,0,0,Blue5
13,841,0,0,1,0,0,0,0,0,1,0,0,2,4,0,0,0,0,0,0,1,1,0,2,0,0,0,0,Blue6
24,841,0,0,1,0,1,0,0,0,1,0,1,4,5,0,2,0,0,0,0,1,4,3,4,0,0,0,0,Blue6
35,4171,0,0,0,0,0,0,0,1,4,0,0,0,0,0,0,0,0,0,0,0,0,0,0,0,0,0,0,Red1
8,4171,1,0,1,0,0,0,0,0,1,0,0,2,3,0,0,0,0,0,1,1,2,2,4,0,0,0,0,Red2
23,4171,0,0,1,0,0,0,0,0,2,0,0,1,4,0,0,0,0,0,0,0,3,3,4,0,0,0,0,Red2
96,4171,0,0,1,0,0,0,0,0,1,0,0,2,6,1,1,0,0,0,0,0,3,0,4,0,0,0,0,Red2
66,4171,0,0,0,0,0,0,0,0,1,0,1,3,2,0,1,0,0,0,0,0,2,2,3,0,0,0,0,Red3
17,4171,0,0,0,1,2,1,1,1,1,0,0,0,0,0,0,0,0,0,0,1,0,0,0,0,0,0,0,Blue4
73,4171,0,0,1,0,0,0,0,0,1,0,0,4,6,0,3,0,0,0,0,0,5,0,4,0,0,0,0,Blue5
44,4171,1,0,1,0,0,0,0,0,3,0,0,2,3,1,0,0,0,0,1,0,6,5,6,0,0,0,0,Blue6
50,4171,0,0,0,0,0,0,0,0,1,0,0,0,0,0,0,0,0,0,0,0,3,1,3,0,0,0,0,Blue6
79,4171,0,1,0,0,0,0,0,0,1,0,0,0,0,0,0,0,0,0,0,1,1,1,2,0,0,0,0,Blue6
56,1868,0,0,1,1,0,0,0,0,1,0,3,3,6,0,3,0,0,0,0,0,7,0,7,0,0,0,0,Red1
97,1868,1,0,1,0,0,0,0,0,1,0,0,4,6,0,0,1,2,0,1,0,7,6,7,0,0,0,1,Red1
80,1868,0,0,1,1,0,0,0,0,1,0,1,3,6,0,1,1,0,0,1,0,6,0,6,0,0,0,1,Red3
34,1868,0,0,1,0,1,0,0,0,1,0,2,3,8,2,0,0,1,0,0,0,8,2,8,0,0,0,0,Blue4
71,1868,0,0,1,1,0,0,0,0,1,0,0,3,5,0,0,1,0,0,1,0,5,2,7,0,0,0,0,Blue4
13,1868,0,0,1,0,1,0,0,0,1,0,0,2,4,0,0,2,0,0,1,0,5,2,6,0,0,0,0,Blue5
48,1868,1,0,1,0,0,0,0,0,3,0,1,0,5,0,0,0,0,0,1,0,5,5,6,0,0,0,0,Blue5
1,1868,0,0,1,1,0,0,0,0,3,0,4,2,7,3,0,0,0,0,0,0,8,4,5,0,0,0,0,Blue6
66,1868,0,0,1,0,1,0,0,0,1,0,0,3,5,0,1,1,1,0,1,0,6,4,5,0,0,0,0,Blue6
5,846,0,0,1,0,1,0,0,0,1,0,0,3,5,1,1,0,2,0,0,0,5,3,6,0,0,0,0,Red2
47,846,0,0,1,0,1,0,0,0,1,0,0,4,6,3,0,0,0,0,0,0,5,4,6,0,0,0,0,Red2
55,846,0,0,1,0,1,0,0,0,1,0,0,3,0,0,0,0,5,0,0,0,7,0,7,0,0,0,0,Red2
76,846,0,0,1,0,1,0,0,0,1,0,3,6,5,1,3,1,4,0,0,0,6,3,5,0,0,0,0,Red2
11,846,0,0,1,1,0,0,0,0,1,0,0,7,8,0,4,1,5,0,0,0,7,0,7,0,0,0,0,Red3
39,846,1,0,1,0,0,0,0,0,1,0,0,3,6,3,0,0,0,0,3,0,6,0,7,0,0,0,0,Blue4
63,846,1,0,1,0,0,0,0,0,1,0,0,3,7,0,0,1,3,0,0,0,5,0,7,0,0,0,0,Blue4
97,846,0,0,1,1,1,0,0,0,1,0,0,3,7,0,2,0,2,0,0,0,7,1,6,0,0,0,0,Blue4
86,846,0,0,1,1,1,0,0,0,1,0,1,5,6,0,5,1,4,0,1,0,7,1,7,0,0,0,0,Blue6
31,4047,0,0,0,0,0,0,0,0,2,0,0,0,0,0,0,0,0,0,0,0,0,5,6,0,0,0,0,Red1
43,4047,0,0,0,0,0,0,0,0,2,0,0,0,0,0,0,0,0,0,0,0,0,1,3,0,0,0,0,Red1
72,4047,0,0,0,0,0,0,0,0,1,0,0,2,2,1,1,0,0,0,0,0,0,1,0,0,0,0,0,Red1
14,4047,0,0,1,0,0,0,0,0,2,0,0,0,0,0,0,0,0,0,0,0,0,2,2,0,0,0,0,Red3
67,4047,0,0,1,0,0,0,0,0,2,0,0,0,0,0,0,0,0,0,0,0,0,0,1,0,0,0,0,Red3
95,4047,0,0,0,0,0,0,0,0,2,0,0,0,0,0,0,0,0,0,0,0,0,5,3,0,0,0,0,Red3
21,4047,0,0,0,0,0,0,0,0,4,0,0,0,0,0,0,0,0,0,0,0,0,1,0,0,0,0,0,Blue4
8,4047,0,0,0,0,0,0,0,0,1,0,0,4,2,4,0,0,0,0,0,0,1,0,0,0,0,0,0,Blue5
53,4047,0,0,1,0,0,0,0,0,1,0,1,3,0,0,0,0,0,0,0,1,3,3,2,0,0,0,0,Blue5
85,4047,0,0,0,0,0,1,0,0,2,0,0,2,3,0,2,0,0,0,0,0,3,5,4,0,0,1,0,Blue6
100,4047,0,0,1,0,0,0,0,0,1,0,0,1,4,0,2,0,0,0,0,0,3,3,3,0,0,0,0,Blue6
7,254,2,0,0,1,0,0,0,0,1,0,2,2,8,2,1,0,2,0,1,0,8,4,7,0,0,0,1,Red2
57,254,1,0,1,2,0,0,0,0,1,0,0,6,8,0,0,0,2,0,0,0,8,8,8,0,0,0,1,Red2
87,254,0,0,1,2,0,0,0,0,1,0,0,6,8,4,0,0,4,0,0,0,5,0,8,0,0,0,0,Red3
101,254,2,0,1,0,1,0,0,0,1,0,0,7,8,0,7,0,7,0,1,0,8,0,8,0,0,0,0,Red3
73,254,1,0,0,2,0,0,0,0,3,0,0,5,8,0,0,0,5,0,0,0,7,6,8,0,0,0,0,Blue4
39,254,0,0,0,2,0,0,0,0,1,0,2,0,0,0,0,0,0,0,1,0,7,0,5,0,0,0,1,Blue5
47,254,0,0,1,2,0,0,0,0,3,0,0,4,7,1,1,0,2,0,0,1,6,5,7,0,0,0,0,Blue5
62,254,0,0,0,0,0,0,0,0,1,0,1,5,7,0,3,0,3,0,1,0,7,5,8,0,0,0,0,Blue5
92,254,0,0,1,0,2,0,0,0,1,0,0,5,4,3,0,0,4,0,1,0,5,4,5,0,0,0,0,Blue5
19,254,1,0,1,0,2,0,0,0,1,0,0,6,8,0,5,0,4,0,1,0,7,4,8,0,0,0,0,Blue6
28,254,1,0,1,1,0,0,0,0,1,0,0,7,8,6,0,0,6,0,1,0,8,5,8,0,0,0,0,Blue6
36,852,0,0,1,0,0,0,0,0,1,0,1,3,7,0,1,0,2,0,0,0,6,0,5,0,0,0,0,Red1
12,852,0,0,1,1,0,0,0,0,1,0,0,2,6,0,2,0,2,0,0,0,6,0,5,0,0,0,0,Red2
54,852,0,0,1,1,0,0,0,1,4,0,0,0,0,0,0,0,0,0,0,0,0,0,0,0,0,0,0,Red2
80,852,0,0,0,0,0,0,0,0,2,0,0,1,0,0,2,0,0,0,0,1,0,0,0,0,0,0,0,Red2
20,852,0,0,1,0,1,0,0,0,1,0,0,3,4,0,2,1,1,0,1,0,5,0,4,0,0,0,0,Red3
65,852,0,0,1,0,1,0,0,0,1,0,0,2,6,1,1,0,1,0,0,0,6,3,6,0,0,0,0,Red3
3,852,0,0,1,0,0,0,0,0,1,0,0,3,4,0,1,2,1,0,1,0,3,1,5,0,0,0,0,Blue4
96,852,0,0,1,0,1,0,0,0,3,0,0,4,7,2,1,0,3,0,0,0,7,3,7,0,0,0,0,Blue4
101,852,0,0,0,0,0,0,0,1,4,0,0,0,0,0,0,0,0,0,0,1,0,0,0,0,0,0,0,Blue4
72,852,0,0,0,0,0,0,0,0,1,0,0,4,6,3,0,0,0,0,0,0,5,0,3,0,0,0,0,Blue5
45,852,1,0,1,0,0,0,0,0,4,0,0,0,0,0,0,0,0,0,0,0,0,0,1,0,0,0,0,Blue6
62,3669,1,0,1,0,0,0,0,0,4,0,0,0,0,0,0,0,0,0,0,0,1,1,1,0,0,0,0,Red1
13,3669,1,0,1,0,0,0,0,0,1,1,1,3,6,0,2,3,0,0,3,0,5,0,6,0,0,0,0,Red2
30,3669,1,0,1,0,0,0,0,0,1,0,0,3,8,0,1,0,1,0,1,1,7,4,6,0,0,0,0,Red2
90,3669,0,0,1,1,0,0,0,0,1,0,2,3,0,0,2,0,0,0,0,0,4,3,6,0,0,0,0,Red2
5,3669,1,0,1,0,0,0,0,0,1,0,0,2,3,1,0,0,0,0,0,0,3,1,3,0,0,0,0,Blue4
46,3669,0,0,1,0,0,0,0,0,0,0,0,0,2,0,0,0,0,0,1,1,4,0,3,0,0,0,0,Blue4
79,3669,0,0,0,1,0,0,0,0,3,0,0,1,4,0,0,0,0,0,1,0,4,5,6,0,0,0,0,Blue4
99,3669,1,0,1,0,0,0,0,0,1,0,0,3,6,0,3,0,0,0,0,0,5,0,5,0,0,0,0,Blue4
22,3669,0,0,1,0,1,0,0,0,1,0,2,6,5,1,2,0,0,0,0,0,3,0,4,0,0,0,1,Blue6
52,3669,0,0,1,0,1,0,0,0,3,0,0,1,3,0,0,0,0,0,0,1,3,3,5,0,0,0,0,Blue6
2,2135,0,0,0,0,0,0,0,0,1,0,0,2,6,0,2,0,0,0,0,0,5,0,4,0,0,0,0,Red2
49,2135,1,0,1,0,0,0,0,0,1,0,0,1,4,0,1,0,0,0,0,0,3,3,4,0,0,0,0,Red2
79,2135,0,0,1,1,0,0,0,0,1,0,1,2,4,1,1,0,1,0,0,0,5,3,5,0,0,0,0,Red2
21,2135,1,0,1,0,0,0,0,0,1,0,1,2,6,0,0,1,0,0,1,0,6,2,4,0,0,0,0,Red3
34,2135,0,0,1,0,0,0,0,0,1,0,0,1,6,0,0,1,0,1,0,1,4,0,3,0,0,0,0,Red3
92,2135,0,0,1,0,0,0,0,0,2,0,0,0,0,0,0,0,0,0,0,0,0,2,2,0,0,0,0,Red3
16,2135,0,0,1,0,0,0,0,0,3,0,1,2,5,0,0,0,0,0,0,0,4,4,5,0,0,0,0,Blue4
59,2135,0,0,0,0,0,0,0,0,1,0,0,4,0,4,0,0,0,0,0,0,7,0,3,0,0,0,0,Blue5
39,2135,0,0,1,0,0,0,0,0,2,0,0,3,4,0,0,0,0,0,0,0,3,5,4,0,0,0,0,Blue6
68,2135,0,0,1,0,0,0,0,0,1,0,0,0,4,0,2,0,2,0,1,0,5,1,3,0,0,0,0,Blue6
22,4186,0,0,1,0,0,0,0,0,1,0,0,0,0,0,0,0,0,0,0,0,2,2,2,0,0,0,0,Red1
31,4186,0,0,1,0,0,0,0,0,1,0,0,1,1,0,0,0,0,0,0,0,0,0,1,0,0,0,0,Red2
84,4186,0,0,1,0,0,0,0,0,1,0,0,0,0,0,0,0,0,0,0,0,0,2,2,0,0,0,0,Red2
3,4186,0,0,0,0,0,0,0,0,2,0,0,2,1,1,0,0,0,0,0,1,1,0,0,1,0,0,0,Red3
42,4186,0,0,1,0,0,0,0,0,4,0,0,0,3,0,0,0,0,0,0,0,0,0,0,0,0,0,0,Red3
51,4186,0,0,1,0,0,0,0,0,4,0,0,0,0,0,0,0,0,0,0,0,1,0,0,0,0,0,0,Red3
68,4186,0,0,1,0,0,0,0,0,1,0,0,0,1,0,0,0,0,0,0,0,0,0,0,0,0,0,0,Red3
11,4186,0,0,0,0,0,0,0,0,1,0,0,0,0,0,0,0,0,0,0,0,0,3,0,0,0,0,0,Blue4
61,4186,0,0,0,1,0,0,0,0,2,0,0,0,0,0,0,0,0,0,0,1,0,1,2,0,0,0,0,Blue4
101,4186,0,0,0,0,0,0,0,0,2,0,0,0,0,0,0,0,0,0,0,0,0,5,5,0,0,0,0,Blue5
89,4186,0,0,1,0,0,0,0,0,2,0,0,0,0,0,0,0,0,0,0,0,0,2,3,0,0,0,0,Blue6
14,604,1,0,1,0,0,0,0,0,1,0,1,5,7,0,0,1,1,0,1,0,7,1,6,0,0,0,0,Red1
89,604,0,0,1,1,0,0,0,0,1,0,2,1,6,2,1,0,1,0,0,0,6,4,6,0,0,0,0,Red1
98,604,0,0,1,1,0,0,0,0,3,0,0,4,5,0,1,1,0,0,2,0,6,4,6,0,0,0,1,Red1
39,604,0,0,1,1,0,0,0,0,3,0,0,0,5,0,1,0,1,0,0,0,3,3,5,0,0,0,0,Red2
50,604,0,0,1,0,1,0,0,0,1,0,0,5,5,1,3,0,3,0,0,0,5,3,5,0,0,0,0,Red2
69,604,0,0,0,0,0,0,0,0,1,0,2,3,7,0,3,0,3,0,1,0,7,4,6,0,0,0,1,Red2
1,604,0,0,0,0,1,0,0,0,3,0,0,2,6,0,2,1,2,0,0,0,6,6,6,0,0,0,0,Blue4
45,604,0,0,1,0,0,0,0,0,3,0,3,1,5,0,1,0,2,0,0,0,4,4,6,0,0,0,0,Blue5
60,604,0,0,1,0,0,0,0,0,1,0,3,3,7,0,2,2,3,0,1,0,6,2,7,0,0,0,0,Blue5
80,604,0,0,1,1,0,0,0,0,1,0,4,6,5,0,2,0,3,0,0,0,6,5,6,0,0,0,1,Blue5
29,604,0,0,0,0,1,0,0,0,1,0,1,4,5,0,1,1,0,0,2,0,3,0,4,0,0,0,0,Blue6
33,2141,0,0,0,0,0,0,0,0,4,0,0,0,0,0,0,0,0,0,0,0,0,0,2,0,0,0,0,Red1
75,2141,0,0,0,0,0,0,0,0,1,0,0,2,3,1,0,0,0,0,1,0,2,1,4,0,0,0,0,Red1
20,2141,0,0,1,0,0,0,0,0,1,0,0,1,1,0,1,0,0,0,0,0,1,0,1,0,0,0,0,Red2
43,2141,0,0,0,0,0,0,0,0,1,0,0,2,2,0,0,0,0,0,0,1,0,3,3,0,0,0,0,Red2
99,2141,0,0,1,0,0,0,0,0,2,0,0,0,0,0,0,0,0,0,0,1,0,5,5,0,0,0,0,Red2
6,2141,0,0,0,0,0,0,0,0,2,0,0,1,3,0,0,0,0,0,0,0,3,1,3,0,0,0,0,Blue4
50,2141,0,0,0,0,0,0,0,0,2,0,0,0,0,0,0,0,0,0,0,0,0,3,2,0,0,0,0,Blue4
11,2141,0,0,0,0,0,0,0,0,4,0,0,0,0,0,0,0,0,0,0,0,0,0,0,0,0,0,0,Blue5
68,2141,1,0,0,0,0,0,0,0,2,0,0,0,0,0,1,1,0,0,0,0,1,4,3,0,0,0,0,Blue5
82,2141,0,0,0,0,0,0,0,0,2,0,0,1,4,0,0,0,1,0,1,0,4,6,6,0,0,0,0,Blue6
94,2141,0,0,1,0,0,0,0,0,2,0,0,2,3,0,0,0,0,0,0,0,5,2,4,0,0,0,0,Blue6
68,5104,1,0,1,0,0,0,0,0,1,0,0,2,3,0,1,0,0,0,0,0,6,0,1,0,0,0,0,Red1
9,5104,0,0,1,0,0,0,0,0,2,0,0,2,2,0,0,0,1,0,0,0,3,1,2,0,0,0,0,Red2
24,5104,0,0,1,0,1,0,0,0,1,0,0,0,2,0,0,0,0,0,2,0,0,1,3,0,0,0,0,Red2
53,5104,0,0,1,1,0,0,0,0,1,0,0,2,6,0,1,0,0,0,0,0,6,2,5,0,0,0,0,Red2
32,5104,0,0,1,0,0,0,0,0,2,0,0,0,0,0,0,0,0,0,0,0,0,4,2,0,0,1,0,Red3
91,5104,0,0,1,0,1,0,0,0,1,0,0,3,4,1,1,0,0,0,0,0,4,1,5,0,0,0,0,Red3
41,5104,1,0,1,0,0,0,0,0,2,0,0,0,0,0,0,0,0,0,0,0,0,7,6,0,0,0,0,Blue4
78,5104,0,0,0,1,0,0,0,0,1,0,0,2,4,0,0,0,0,0,0,0,3,0,2,0,0,0,0,Blue4
17,5104,0,0,1,0,0,0,0,0,2,0,0,0,0,0,0,0,0,0,1,0,2,1,1,0,0,0,0,Blue5
84,5104,0,0,0,0,0,0,1,0,2,0,0,0,0,0,0,0,0,0,0,0,0,2,2,0,0,0,0,Blue6
97,5104,0,0,1,0,1,0,0,0,1,0,0,3,0,0,0,0,0,0,1,0,2,4,4,0,0,0,0,Blue6
78,3045,1,0,1,0,0,0,0,0,1,0,0,3,3,0,2,0,1,0,1,0,2,0,4,0,0,0,0,Red1
86,3045,0,0,1,0,0,0,0,0,1,0,2,2,0,0,0,0,0,0,0,0,5,4,4,0,0,0,1,Red1
48,3045,1,0,1,0,0,0,0,0,2,0,0,1,2,0,1,0,0,0,0,0,3,3,3,0,0,0,0,Red2
9,3045,0,0,1,0,0,0,0,0,2,0,0,2,2,0,2,0,0,0,0,0,3,3,3,0,0,0,0,Red3
35,3045,0,0,1,0,0,0,0,0,1,0,1,1,6,0,1,1,0,0,0,0,4,2,4,0,0,0,0,Red3
98,3045,0,0,1,0,0,0,0,0,1,0,0,1,3,0,0,0,0,0,0,0,1,5,6,0,0,1,0,Red3
20,3045,0,0,1,0,0,0,0,0,1,0,0,2,6,0,1,0,1,0,2,0,3,2,4,0,0,0,0,Blue4
68,3045,0,0,1,0,0,0,0,0,1,0,2,3,5,0,0,0,0,0,1,0,3,0,4,0,0,0,0,Blue4
93,3045,0,0,1,0,0,0,0,0,1,0,0,0,5,0,1,0,0,0,1,0,2,1,4,0,0,0,0,Blue4
25,3045,0,0,1,0,0,0,0,0,4,0,0,0,0,0,0,0,0,0,0,0,0,0,1,0,0,0,0,Blue5
58,3045,1,0,1,0,0,0,0,0,3,0,2,3,0,0,0,0,0,0,2,0,5,3,5,0,0,0,0,Blue6
5,2144,0,0,0,1,0,0,0,0,1,0,0,3,3,0,2,0,0,0,0,0,4,5,3,0,0,0,0,Red1
41,2144,0,0,1,0,1,0,0,0,1,0,1,3,6,2,0,1,0,0,0,0,7,1,6,0,1,0,0,Red1
50,2144,0,0,1,0,0,0,0,0,1,0,0,4,3,1,0,0,0,0,0,0,3,1,6,0,0,0,0,Red1
93,2144,1,0,1,0,0,0,0,0,1,0,0,4,3,2,0,0,3,0,0,0,5,3,5,0,0,0,0,Red2
18,2144,0,0,1,1,0,0,0,0,3,0,0,2,2,0,0,0,1,0,0,0,3,3,4,0,0,0,0,Blue4
28,2144,0,0,1,0,0,0,0,0,2,0,0,2,3,0,0,0,0,0,0,0,2,3,4,0,0,0,0,Blue4
59,2144,0,0,1,1,0,0,0,0,2,0,0,3,6,0,0,0,0,0,0,0,6,5,5,0,0,0,0,Blue4
87,2144,0,0,1,0,1,0,0,0,1,0,0,4,6,0,2,0,4,0,0,0,7,1,7,0,0,0,0,Blue4
36,2144,0,0,1,0,1,0,0,0,1,0,1,6,6,0,3,0,4,0,0,0,5,0,5,0,0,0,0,Blue5
69,2144,0,0,1,1,0,0,0,0,1,0,3,3,5,0,0,0,1,0,0,0,6,2,6,0,0,0,0,Blue6
4,100,0,0,0,0,0,0,0,0,1,0,2,3,3,0,2,1,0,0,2,0,5,5,3,0,0,0,1,Red1
101,100,0,0,1,0,0,0,0,0,3,0,0,7,6,0,6,0,0,0,1,0,6,5,6,0,0,0,1,Red1
66,100,1,0,1,0,0,0,0,0,1,0,1,4,8,0,3,0,0,0,2,0,8,8,8,0,0,0,0,Red2
77,100,1,0,1,0,0,0,0,0,3,0,0,2,4,0,1,0,0,0,2,0,4,4,6,0,0,0,0,Red2
49,100,1,0,1,0,0,0,0,0,1,0,1,4,6,0,1,0,0,0,3,0,7,5,6,0,0,0,0,Red3
43,100,0,0,1,0,0,1,0,0,1,0,2,1,6,2,1,0,0,0,0,0,6,6,6,0,0,0,0,Blue4
85,100,0,0,1,0,0,0,0,0,1,0,4,5,7,0,4,0,0,0,4,0,7,2,7,0,0,0,0,Blue4
26,100,0,0,1,1,0,0,0,0,1,0,1,3,6,1,1,0,0,0,0,0,4,0,5,0,0,0,0,Blue5
38,100,1,0,0,0,0,0,0,0,1,0,0,3,5,0,0,2,0,1,1,0,6,0,5,0,0,0,1,Blue5
93,100,1,0,1,0,0,0,0,0,3,0,0,2,5,1,1,0,0,0,2,0,6,5,6,0,0,1,0,Blue5
11,100,0,0,1,0,0,0,0,0,1,0,1,4,6,0,0,2,1,1,2,0,5,0,5,0,0,0,0,Blue6
42,4990,0,0,1,0,0,0,1,0,3,0,0,3,6,0,2,0,0,0,2,0,6,1,4,0,0,0,0,Red1
71,4990,0,0,1,0,0,0,1,0,1,0,0,4,7,2,2,0,0,0,1,0,6,0,7,0,0,0,0,Red1
91,4990,0,0,1,1,0,0,0,0,1,0,0,3,5,0,2,0,0,0,0,0,6,5,5,0,0,0,1,Red1
10,4990,0,1,1,0,0,0,0,0,1,0,0,1,2,0,0,0,0,0,2,1,2,0,2,0,0,0,0,Red3
33,4990,0,0,1,0,0,0,1,0,3,0,0,3,6,1,2,0,0,0,3,0,6,4,6,0,0,0,0,Blue4
86,4990,0,0,1,0,0,0,0,0,2,0,0,0,2,0,0,0,0,0,0,0,2,6,7,0,0,0,0,Blue4
5,4990,0,0,1,0,0,0,0,0,1,0,0,1,3,1,0,0,0,0,0,0,3,1,2,0,0,0,0,Blue5
27,4990,0,0,1,0,0,0,1,0,1,0,0,3,5,0,1,0,0,0,0,0,5,1,6,0,0,0,0,Blue6
49,4990,0,0,1,0,0,0,1,0,3,0,0,1,1,1,0,0,0,0,0,0,2,7,6,0,0,0,0,Blue6
64,4990,0,0,1,0,0,0,1,0,2,0,0,0,5,0,1,0,0,0,2,0,6,2,5,0,0,0,0,Blue6
73,1388,1,0,1,0,0,0,0,0,1,0,1,2,3,0,0,0,0,0,0,0,7,2,6,0,0,0,0,Red1
99,1388,0,0,1,0,0,0,0,0,3,0,2,5,5,0,1,3,0,0,3,0,5,5,5,0,0,0,1,Red1
4,1388,1,0,0,0,0,0,0,0,1,0,0,0,3,0,0,0,0,0,0,0,0,0,3,0,0,0,0,Red2
57,1388,0,0,1,0,0,0,0,0,1,0,3,6,7,0,3,0,0,0,0,0,5,0,8,0,0,0,0,Red3
63,1388,0,0,0,0,0,0,0,0,1,0,0,1,0,0,0,0,0,0,0,0,2,2,3,0,0,0,0,Red3
94,1388,0,0,1,0,0,0,0,0,3,0,1,2,6,0,0,1,0,0,0,0,5,3,6,0,0,0,0,Red3
49,1388,0,0,1,0,1,0,0,0,1,0,0,2,3,0,0,0,0,0,0,0,4,6,5,0,0,0,0,Blue4
29,1388,0,0,1,0,0,0,0,0,1,0,0,3,5,3,0,2,0,0,0,0,3,1,4,0,0,0,0,Blue5
84,1388,1,0,1,0,0,0,0,0,1,0,0,4,4,0,0,3,0,0,1,0,5,0,5,0,0,0,0,Blue5
14,1388,0,0,1,0,0,0,0,0,1,0,0,4,7,4,0,0,0,0,0,0,7,0,5,0,0,0,0,Blue6
36,1388,0,0,1,0,0,0,0,0,2,0,0,0,0,0,0,0,0,0,0,1,0,7,7,0,0,0,0,Blue6
16,751,0,0,1,0,0,0,0,0,2,0,0,0,0,0,0,0,0,0,0,0,1,7,7,0,0,0,0,Red1
76,751,0,0,1,0,0,0,0,0,1,0,0,1,0,0,0,0,0,0,0,0,0,0,0,0,0,0,0,Red1
93,751,0,0,1,0,0,0,1,0,4,0,0,0,1,0,0,0,0,0,0,0,3,2,3,0,0,0,1,Red1
56,751,0,0,1,0,0,0,0,0,2,0,0,1,0,0,0,0,0,0,0,0,2,5,3,0,0,0,0,Red2
27,751,0,0,1,0,0,0,0,0,3,0,0,2,1,0,0,0,0,0,0,0,1,2,3,0,0,0,0,Red3
61,751,0,0,0,0,0,0,0,0,1,0,0,0,0,0,0,0,0,0,0,0,4,0,0,0,0,0,0,Red3
99,751,0,0,1,0,0,0,0,0,1,0,0,1,4,0,1,0,0,0,0,0,1,6,4,0,0,0,0,Red3
44,751,0,0,1,0,0,0,0,0,3,0,0,2,3,1,0,0,0,0,1,0,6,5,6,0,0,0,0,Blue4
85,751,0,1,1,0,0,0,0,0,1,0,0,0,0,0,0,0,0,0,0,0,0,0,2,0,0,0,0,Blue5
7,751,0,0,1,0,0,0,0,0,2,0,0,1,1,0,1,0,0,0,0,0,0,4,2,0,0,0,0,Blue6
33,751,0,0,1,0,0,0,0,0,2,0,0,1,1,0,1,0,0,0,0,0,0,5,3,0,0,0,0,Blue6
29,368,0,0,0,1,1,0,0,0,1,0,0,4,7,0,2,0,2,0,0,0,7,5,7,0,0,0,0,Red1
85,368,0,0,0,0,0,0,0,1,0,0,0,0,0,0,0,0,0,0,0,0,0,0,0,0,0,0,0,Red1
17,368,1,0,0,0,1,0,0,0,1,1,0,3,4,1,1,1,3,0,0,0,6,0,7,0,0,0,0,Red2
61,368,0,0,1,1,0,0,0,0,1,0,0,4,6,1,0,0,2,0,0,0,6,2,6,0,0,0,0,Red2
91,368,0,0,1,1,0,0,0,0,1,0,1,4,0,0,3,0,4,0,0,0,0,0,6,0,0,0,1,Red2
72,368,0,0,1,0,1,0,0,0,1,0,0,0,6,1,1,0,2,0,1,0,5,5,7,0,0,0,0,Red3
10,368,1,0,1,1,0,0,0,0,1,0,0,7,6,2,3,0,5,0,2,0,6,0,5,0,0,0,0,Blue4
52,368,0,0,1,1,1,0,0,0,1,0,0,6,6,0,0,2,3,0,1,0,6,6,7,0,0,0,0,Blue5
34,368,0,0,1,0,2,0,0,0,1,0,0,3,7,0,2,0,2,0,0,0,5,4,6,0,0,0,0,Blue6
47,368,0,0,1,1,0,0,0,0,1,0,1,1,7,1,2,0,0,0,0,0,7,5,6,0,0,0,1,Blue6
88,114,0,0,1,0,1,0,0,0,1,0,0,4,4,3,1,0,0,0,3,0,5,0,7,0,0,0,0,Red2
98,114,0,0,1,0,1,0,0,0,1,0,1,1,6,0,0,0,0,0,0,0,4,0,5,0,0,0,0,Red2
6,114,1,0,1,0,0,0,0,0,1,0,2,2,8,0,2,0,1,0,2,0,6,2,6,0,0,0,0,Red3
17,114,0,0,1,1,0,0,0,0,1,0,0,4,5,3,1,0,0,0,0,0,5,3,4,0,0,0,1,Red3
83,114,0,0,1,0,1,0,0,0,1,0,0,4,3,3,0,0,0,0,0,0,4,0,4,0,0,0,0,Red3
22,114,0,0,1,1,0,0,0,0,1,0,0,3,5,0,1,1,0,0,2,0,5,4,4,0,0,0,0,Blue4
57,114,0,0,1,1,0,0,0,0,1,0,1,2,5,0,0,0,0,0,0,0,6,0,6,0,0,0,1,Blue4
64,114,0,0,0,1,0,0,0,0,1,0,2,3,0,0,0,0,0,0,1,0,6,0,4,0,0,0,0,Blue4
30,114,0,0,1,0,1,0,0,0,1,0,0,0,6,0,0,0,0,0,2,0,2,0,4,0,0,0,0,Blue5
40,114,0,0,1,0,0,0,0,0,1,0,0,4,0,0,2,0,0,1,2,0,6,4,5,0,0,0,0,Blue5
77,114,0,0,1,1,0,0,0,0,3,0,1,0,6,2,0,0,0,0,0,0,6,7,5,0,0,0,0,Blue5
15,115,0,0,1,0,1,0,0,0,1,0,0,1,2,0,1,1,0,0,0,0,6,1,5,0,0,0,0,Red1
25,115,0,0,0,1,0,0,0,0,1,0,1,0,5,0,0,0,0,0,0,1,6,3,5,0,0,0,0,Red1
70,115,0,0,1,1,0,0,0,0,1,0,2,3,3,0,3,0,0,0,0,0,7,2,6,0,1,0,0,Red1
84,115,0,0,1,1,0,0,0,0,3,0,3,3,5,0,0,0,0,0,0,0,5,6,5,0,0,0,1,Red1
62,115,0,0,0,0,0,0,0,0,1,0,0,2,0,0,1,0,0,0,0,0,3,0,2,0,0,0,0,Red2
54,115,1,0,1,0,0,0,0,0,1,0,0,0,0,0,0,0,0,0,0,0,0,0,0,0,0,0,0,Red3
54,115,0,0,0,0,0,0,0,0,0,0,0,0,0,0,0,0,0,0,0,0,0,0,0,1,0,0,0,Red3
2,115,0,0,1,0,0,0,0,0,3,0,0,0,5,0,0,0,0,0,1,0,7,3,4,0,0,0,0,Blue6
31,115,0,0,1,0,1,0,0,0,3,0,0,3,2,0,3,0,0,0,0,1,3,3,3,0,0,0,0,Blue6
40,115,1,0,1,0,0,0,0,0,1,0,2,3,6,0,1,0,0,0,1,0,5,0,5,0,0,0,0,Blue6
93,115,0,0,0,1,0,0,0,0,1,0,0,3,4,0,0,0,0,0,0,0,5,0,5,0,0,0,0,Blue6
8,766,0,0,1,0,0,0,0,0,0,0,0,0,0,0,0,0,0,0,0,1,0,0,0,0,0,0,0,Red1
32,766,0,0,0,1,0,0,0,0,1,0,2,4,6,0,2,0,0,0,1,0,6,0,6,0,0,0,0,Red1
63,766,0,0,1,0,0,0,0,0,1,0,3,3,6,0,1,0,0,0,1,0,6,0,6,0,0,0,0,Red1
79,766,1,0,1,0,0,0,0,0,1,0,0,3,6,1,0,1,0,0,2,0,7,0,6,0,0,0,0,Red1
26,766,0,0,0,0,0,0,0,1,0,0,0,0,0,0,0,0,0,0,0,0,0,0,0,0,0,0,0,Red2
89,766,0,0,1,0,0,0,0,0,2,0,0,2,0,3,0,0,0,0,0,0,7,6,6,0,0,1,0,Red3
18,766,0,0,1,0,0,0,0,0,2,0,1,3,6,0,1,1,0,0,0,0,6,2,4,0,0,0,0,Blue5
56,766,1,0,1,0,0,0,0,0,1,0,0,2,0,0,0,1,0,0,1,1,3,3,3,0,0,0,0,Blue5
48,766,0,0,1,0,1,0,0,0,1,0,0,2,5,2,1,0,0,0,0,0,5,0,6,0,0,0,0,Blue6
70,766,1,0,1,0,0,0,0,0,1,0,0,2,5,0,1,1,0,0,3,0,5,2,5,0,0,0,0,Blue6
57,2367,0,0,0,0,0,0,0,1,1,0,0,0,0,0,0,0,0,0,0,0,0,0,0,0,0,0,0,Red1
28,2367,0,0,1,0,0,0,0,0,1,0,0,1,6,1,0,0,0,0,0,0,5,1,3,0,0,0,0,Red2
16,2367,0,0,0,0,0,0,0,1,1,0,0,0,0,0,0,0,0,0,0,0,0,0,0,0,0,0,0,Red3
86,2367,0,0,1,0,0,0,0,0,1,0,0,0,2,0,2,0,0,0,2,1,0,0,4,0,0,0,0,Red3
77,2367,0,0,0,0,0,0,0,0,1,0,0,1,3,0,0,0,0,0,0,0,3,0,2,0,0,0,0,Blue4
9,2367,0,0,1,0,0,0,0,0,4,0,0,0,0,0,0,0,0,0,0,0,0,0,0,0,0,0,0,Blue5
96,2367,0,0,1,0,0,0,0,0,1,0,0,0,0,0,1,0,0,0,1,0,3,4,5,0,0,0,0,Blue5
38,2367,0,0,0,0,0,0,0,1,0,0,0,0,0,0,0,0,0,0,0,0,0,0,0,0,0,0,0,Blue6
46,2367,0,0,1,0,0,0,0,0,3,0,0,0,2,0,1,0,0,0,0,1,3,2,3,1,0,0,0,Blue6
67,2367,0,0,1,0,1,0,0,0,3,0,0,0,2,0,0,0,0,0,0,1,0,0,0,0,0,0,0,Blue6
7,2813,0,0,1,0,0,0,0,0,1,0,0,1,1,1,0,0,0,0,0,0,2,3,2,0,0,0,0,Red1
96,2813,1,0,1,0,0,0,0,0,3,0,0,5,3,1,1,0,0,0,1,0,5,5,5,0,0,0,1,Red1
30,2813,0,0,1,0,0,0,0,0,3,0,0,2,4,1,0,0,0,1,0,0,5,3,2,0,0,0,0,Red3
43,2813,0,0,1,0,0,0,0,0,3,0,0,3,5,0,2,0,0,0,3,0,5,4,5,0,0,0,0,Red3
71,2813,0,0,1,0,0,0,0,0,2,0,0,2,4,0,0,0,0,0,1,0,4,3,5,0,0,0,0,Red3
79,2813,0,0,1,0,0,0,0,0,1,0,0,3,0,0,1,0,0,0,0,0,2,3,2,0,0,0,0,Red3
24,2813,0,0,0,0,0,0,0,0,1,0,0,2,0,0,2,0,0,0,2,0,5,0,4,0,0,0,0,Blue4
15,2813,0,0,0,0,0,0,0,0,1,0,0,3,4,0,2,0,0,0,2,0,4,1,4,0,0,0,0,Blue5
58,2813,0,0,1,0,0,0,0,0,3,0,0,1,7,1,0,0,2,0,1,0,6,5,6,0,0,0,0,Blue5
63,2813,0,0,1,0,0,0,0,0,3,0,0,0,2,0,0,0,0,0,1,0,2,5,3,0,0,0,0,Blue6
20,1662,1,0,1,0,0,0,0,0,3,0,0,1,7,0,0,0,0,0,1,0,8,7,6,0,0,0,0,Red1
26,1662,0,0,1,0,0,0,0,0,1,0,0,0,0,0,0,0,0,0,0,0,3,5,3,0,0,0,0,Red1
64,1662,0,0,1,1,0,0,0,0,1,0,2,3,7,0,1,0,0,0,3,0,8,1,7,0,0,0,0,Red1
45,1662,0,0,1,0,1,0,0,0,1,0,0,3,3,0,2,2,1,0,2,0,3,3,5,0,0,0,0,Red2
81,1662,0,0,1,0,1,0,0,0,2,0,1,3,0,0,2,0,0,0,0,0,4,5,4,0,0,0,0,Red2
52,1662,0,0,1,0,0,0,0,0,1,0,0,2,6,2,1,0,0,0,3,0,6,1,5,0,0,0,0,Red3
76,1662,0,0,0,0,0,0,0,0,1,0,0,2,0,0,0,1,0,0,0,0,3,0,5,0,0,0,0,Blue4
7,1662,0,0,1,0,1,0,0,0,1,0,0,4,7,0,2,2,2,0,0,0,8,1,7,0,0,0,0,Blue5
32,1662,1,0,1,0,0,0,0,0,1,0,1,3,2,1,2,0,0,0,0,0,4,3,4,0,0,0,0,Blue5
92,1662,0,0,1,0,0,0,0,0,1,0,0,3,3,0,0,0,0,0,0,0,0,0,4,0,0,0,0,Blue6
